id,date,title_it,question_en,prereg_file,result_files,outcome_class,outcome_text_it,deviation,notes
e01,2026-09-30,prevedibilità della lettera successiva,How predictable is the next sign (h2) in the Voynich compared with languages?,,risultati/e01_prevedibilita.json; risultati/e01_prevedibilita.md,DESCRIPTIVE,"Con i segni EVA fusi, l'incertezza sul segno successivo (h2) è 2,2 bit.",no,"NOT PREREGISTERED: imported work from the previous repository (tag origine, commit ee2a23d); replicated here. Languages of similar alphabet 2.6–3.3 bits. Replication identical (QUADERNO l.91). | src: DOSSIER_WHITE_PAPER.md l.149 | date = import commit ee2a23d (original run in the previous repository)"
e02,2026-09-30,impronta a livello di parola,"Which word-level properties (h2, length, types, hapax, repetition) does the Voynich have?",,risultati/e02_impronta.json; risultati/e02_impronta.md,DESCRIPTIVE,"Nel Voynich una parola è identica alla precedente tanto spesso quanto due parole qualsiasi della stessa riga (×1,0).",no,"NOT PREREGISTERED: imported work from the previous repository (tag origine, commit ee2a23d); replicated here. Natural texts median x0.12. | src: DOSSIER_WHITE_PAPER.md l.164 | date = import commit ee2a23d (original run in the previous repository)"
e03,2026-09-30,il genere del testo,Is the Voynich's low syntax (word-to-word information) anomalous against texts of other genres?,,risultati/e03_genere.json; risultati/e03_genere.md,DESCRIPTIVE,"i testi tecnici latini ne hanno altrettanto poca: era la Bibbia, molto formulaica, a essere un confronto sbagliato.",no,"NOT PREREGISTERED: imported work from the previous repository (tag origine, commit ee2a23d); replicated here. Finding: low syntax is not an anomaly. | src: DOSSIER_WHITE_PAPER.md l.181 | date = import commit ee2a23d (original run in the previous repository)"
e04,2026-09-30,le parole vicine si copiano?,Do neighbouring words copy each other more than words of the same block?,,risultati/e04_vicinato.json; risultati/e04_vicinato.md,DESCRIPTIVE,"Due parole diverse della stessa riga si somigliano nella grafia il 3,8–4,0% più di due parole qualsiasi del testo",no,"NOT PREREGISTERED: imported work from the previous repository (tag origine, commit ee2a23d); replicated here. Effect is line/page homogeneity, not adjacent-word copying. | src: DOSSIER_WHITE_PAPER.md l.171 | date = import commit ee2a23d (original run in the previous repository)"
e05,2026-09-30,quanto dura la somiglianza,How does word similarity decay with distance between lines on the page?,,risultati/e05_righe.json; risultati/e05_righe.md,DESCRIPTIVE,"la somiglianza cala con la distanza fra le righe (3,4% a sei righe)",no,"NOT PREREGISTERED: imported work from the previous repository (tag origine, commit ee2a23d); replicated here. | src: DOSSIER_WHITE_PAPER.md l.175 | date = import commit ee2a23d (original run in the previous repository)"
e06,2026-09-30,le lingue A e B di Currier,Does unsupervised clustering of pages recover Currier's languages A and B?,,risultati/e06_currier.json; risultati/e06_currier.md,DESCRIPTIVE,Accordo con la divisione di Currier: 98.5%.,no,"NOT PREREGISTERED: imported work from the previous repository (tag origine, commit ee2a23d); replicated here. | src: risultati/e06_currier.md | date = import commit ee2a23d (original run in the previous repository)"
e07,2026-09-30,testi veri codificati,"Can real texts encoded in several ways (verbose cipher, word code) reproduce the Voynich properties?",,risultati/e07_codifiche.json; risultati/e07_codifiche.md; risultati/e07_compromesso_verboso.json,DESCRIPTIVE,"Su 450 cifrari ""una lettera = 2–3 segni"" applicati a latino e italiano, nessuno raggiunge la prevedibilità del Voynich.",no,"NOT PREREGISTERED: imported work from the previous repository (tag origine, commit ee2a23d); replicated here. Word-for-word codes keep the source-language repetition (x0.1–x0.5). | src: DOSSIER_WHITE_PAPER.md l.160 | date = import commit ee2a23d (original run in the previous repository)"
e08,2026-09-30,autocitazione (versione ridotta),Can a simplified self-citation generator be calibrated to the Voynich vocabulary?,,risultati/e08_autocitazione.json; risultati/e08_autocitazione.md,NULL/INCONCLUSIVE,Nessuna combinazione rientra nella taratura.,no,"NOT PREREGISTERED: imported work from the previous repository (tag origine, commit ee2a23d); replicated here. Generator degenerates; results file: neither evidence for nor against Timm & Schinner. | src: risultati/e08_autocitazione.md | date = import commit ee2a23d (original run in the previous repository)"
e09,2026-09-30,le due anomalie in sintesi,"Do any natural texts or encodings share the Voynich's two main anomalies (repetition, line similarity)?",,risultati/e09_sintesi.json; risultati/e09_sintesi.md,DESCRIPTIVE,Il grafico e09 mette le due anomalie su due assi: il Voynich sta da solo.,no,"NOT PREREGISTERED: imported work from the previous repository (tag origine, commit ee2a23d); replicated here. | src: DOSSIER_WHITE_PAPER.md l.212 | date = import commit ee2a23d (original run in the previous repository)"
e10,2026-09-30,il cifrario Naibbe,Does the Naibbe cipher reproduce the Voynich properties?,,risultati/e10_naibbe.json; risultati/e10_naibbe.md,DESCRIPTIVE,"Somiglia al Voynich per h2 (2,2), lunghezza e varietà delle parole.",no,"NOT PREREGISTERED: imported work from the previous repository (tag origine, commit ee2a23d); replicated here. Does not match hapax, repetitions, page homogeneity, end-start link (0.002–0.013 vs 0.19). | src: DOSSIER_WHITE_PAPER.md l.221 | date = import commit ee2a23d (original run in the previous repository)"
e11,2026-09-30,gli spazi,"How predictable are spaces from the preceding sign, and how strong is the end-start link?",,risultati/e11_spazi.json; risultati/e11_spazi.md,DESCRIPTIVE,Lo spazio si prevede per due terzi (66%) dal segno che lo precede; nelle lingue la mediana è 17%.,no,"NOT PREREGISTERED: imported work from the previous repository (tag origine, commit ee2a23d); replicated here. End-start link 0.19 bits (languages median 0.07). | src: DOSSIER_WHITE_PAPER.md l.185 | date = import commit ee2a23d (original run in the previous repository)"
e12,2026-09-30,quali spazi sono veri,"Do adjacent words, when joined, form words attested elsewhere more than by chance?",,risultati/e12_giunture.json; risultati/e12_giunture.md,DESCRIPTIVE,"Unendo due parole vicine si ottiene una parola che il manoscritto usa altrove nel 9,2% dei casi",no,"NOT PREREGISTERED: imported work from the previous repository (tag origine, commit ee2a23d); replicated here. Chance 4.8%; uncertain spaces 43.5%. | src: DOSSIER_WHITE_PAPER.md l.187 | date = import commit ee2a23d (original run in the previous repository)"
e13,2026-09-30,a quali lingue somiglia il Voynich (profilo di nove misure),Is the Voynich more isolated from all languages than any language is from its nearest neighbour?,,risultati/e13_profilo.json; risultati/e13_profilo.md,DESCRIPTIVE,"La frase del dossier ""il Voynich è più isolato di qualsiasi lingua"" regge solo con l'omogeneità di pagina (9,2 contro 6,6).",no,"NOT PREREGISTERED: imported work from the previous repository (tag origine, commit ee2a23d); replicated here. Replication changed values because pinyin was added (84->85 languages, D-008); qualified: holds only with page homogeneity. | src: QUADERNO l.301 | date = import commit ee2a23d (original run in the previous repository)"
e14,2026-09-30,"un tentativo di decifrazione (sostituzione omofonica, 14 lingue)",Does a homophonic substitution with spaces yield a reading in any of 14 languages?,,risultati/e14_decifrazione.json; risultati/e14_decifrazione.md,DESCRIPTIVE,"Voynich: al massimo 36% di parole vere e 7–93 parole diverse, per lo più sempre le stesse tre.",no,"NOT PREREGISTERED: imported work from the previous repository (tag origine, commit ee2a23d); replicated here. Positive controls 69–98% real words; no reading (as a language-mismatched control). | src: DOSSIER_WHITE_PAPER.md l.257 | date = import commit ee2a23d (original run in the previous repository)"
e15,2026-09-30,le etichette dello zodiaco sono numeri?,Are the zodiac labels numbers (labels in the same position similar across signs)?,,risultati/e15_zodiaco.json; risultati/e15_zodiaco.md,DESCRIPTIVE,"Ma le etichette sono quasi tutte diverse (264 su 299), e quelle nella stessa posizione in segni diversi non si somigliano più del caso (p = 0,46).",no,"NOT PREREGISTERED: imported work from the previous repository (tag origine, commit ee2a23d); replicated here. Finding: not numbers. | src: DOSSIER_WHITE_PAPER.md l.203 | date = import commit ee2a23d (original run in the previous repository)"
e16,2026-09-30,la decifrazione ignorando gli spazi,Does a substitution attack ignoring spaces yield a reading?,,risultati/e16_senza_spazi.json; risultati/e16_senza_spazi.md,SUPERSEDED,Esito: il metodo non funziona.,no,"NOT PREREGISTERED: imported work from the previous repository (tag origine, commit ee2a23d); replicated here. orig=NULL/INCONCLUSIVE (positive control below negative: method invalid); superseded by e17 already in the original work; not re-run here (QUADERNO l.577). | orig=NULL/INCONCLUSIVE; superseded_by=e17 | src: risultati/e16_senza_spazi.md | date = import commit ee2a23d (original run in the previous repository)"
e17,2026-09-30,"il Voynich senza spazi, con un risolutore vero (ricottura)",Does a simulated-annealing substitution solver without spaces yield a reading?,,risultati/e17_ricottura.json; risultati/e17_ricottura.md,DESCRIPTIVE,"Il Voynich sta fra −0,6 e 0,4 sulla scala negativo→positivo, sotto lo 0 in 30 casi su 56.",no,"NOT PREREGISTERED: imported work from the previous repository (tag origine, commit ee2a23d); replicated here. Positive controls >=99.9% of key; no reading. Replicated on Latin/Italian/Hebrew subset (D-009). | src: DOSSIER_WHITE_PAPER.md l.277 | date = import commit ee2a23d (original run in the previous repository)"
e18,2026-09-30,le parole del Voynich sono anagrammi ordinati?,Are Voynich words alphabetically ordered anagrams (Hauer & Kondrak)?,,risultati/e18_anagrammi.json; risultati/e18_anagrammi.md,DESCRIPTIVE,"L'ordine migliore dei segni è rispettato dal 78,5% delle coppie dentro le parole: valore da lingua (60–96%, mediana 66%).",no,"NOT PREREGISTERED: imported work from the previous repository (tag origine, commit ee2a23d); replicated here. Finding: not ordered anagrams. | src: DOSSIER_WHITE_PAPER.md l.300 | date = import commit ee2a23d (original run in the previous repository)"
e19,2026-09-30,il risolutore su tutte le lingue,"Does the solver yield a reading in any of the 71 corpus languages, forwards or backwards?",,risultati/e19_tutte_le_lingue.json; risultati/e19_tutte_le_lingue.md,DESCRIPTIVE,"Voynich: al massimo 0,47 (shona), sotto 0,3 in 66 lingue su 71; letto al contrario al massimo 0,39.",no,"NOT PREREGISTERED: imported work from the previous repository (tag origine, commit ee2a23d); replicated here. Positive controls 91–100% in 71/71. Not re-executed in this repository (replication pending as of 1/10, QUADERNO l.2122). | src: DOSSIER_WHITE_PAPER.md l.294 | date = import commit ee2a23d (original run in the previous repository)"
e20,2026-09-30,i gruppi di segni a ogni grado di fusione,"Does reading the Voynich as learned sign groups (verbose cipher, 9 degrees) yield a reading?",,risultati/e20_gradi.json; risultati/e20_gradi.md,DESCRIPTIVE,"Il Voynich non si legge a nessun grado: fra −0,33 e 0,00.",no,"NOT PREREGISTERED: imported work from the previous repository (tag origine, commit ee2a23d); replicated here. Positive controls 100% at every degree; replication identical (QUADERNO l.2122). | src: DOSSIER_WHITE_PAPER.md l.289 | date = import commit ee2a23d (original run in the previous repository)"
e21,2026-09-30,sondaggi sulle strade rimaste aperte,"Do abbreviations, nulls, transpositions, list texts or quick generator variants reproduce the Voynich anomalies?",,risultati/e21_sondaggi.json; risultati/e21_sondaggi.md,DESCRIPTIVE,Due varianti veloci [e21] producono da sole le due anomalie principali,no,"NOT PREREGISTERED: imported work from the previous repository (tag origine, commit ee2a23d); replicated here. Several probes: abbreviations go the wrong way; nulls/transpositions/lists do not give the anomalies; two quick generator variants do. | src: DOSSIER_WHITE_PAPER.md l.311 | date = import commit ee2a23d (original run in the previous repository)"
e22,2026-09-30,l'algoritmo completo di Timm e Schinner,Does the original Timm & Schinner self-citation generator reproduce the Voynich properties?,,risultati/e22_timm_schinner.json; risultati/e22_timm_schinner.md,DESCRIPTIVE,"Conta che un procedimento eseguibile a mano, senza contenuto, riproduca proprietà che nessuna lingua e nessun cifrario hanno.",no,"NOT PREREGISTERED: imported work from the previous repository (tag origine, commit ee2a23d); replicated here. Matches h2 and line similarity; misses hapax (52% vs 68%) and end-start link (0.01–0.02 vs 0.19). | src: DOSSIER_WHITE_PAPER.md l.316 | date = import commit ee2a23d (original run in the previous repository)"
e23,2026-09-30,l'autocitazione con la regola delle giunture,Does adding a junction rule to the Timm & Schinner generator reproduce the end-start link?,,risultati/e23_giunture.json; risultati/e23_giunture.md,DESCRIPTIVE,"Con la regola (forza 3, cinque semi) il legame fine-inizio è 0,175–0,182 bit (Voynich 0,188; senza la regola 0,016).",no,"NOT PREREGISTERED: imported work from the previous repository (tag origine, commit ee2a23d); replicated here. Vocabulary gap remains (hapax 51%). | src: DOSSIER_WHITE_PAPER.md l.330 | date = import commit ee2a23d (original run in the previous repository)"
e24,2026-09-30,un vocabolario più vario per l'autocitazione,"Can extra rules (double retouch, distant copy) raise hapax without losing page homogeneity?",,risultati/e24_varieta.json; risultati/e24_varieta.md,DESCRIPTIVE,Nel generatore più parole nuove vogliono dire pagine meno omogenee; il Voynich ha tutte e due le cose.,no,"NOT PREREGISTERED: imported work from the previous repository (tag origine, commit ee2a23d); replicated here. | src: DOSSIER_WHITE_PAPER.md l.342 | date = import commit ee2a23d (original run in the previous repository)"
e25,2026-09-30,preghiere e litanie,Do prayers and litanies (repetitive genres) show the Voynich anomalies?,,risultati/e25_preghiere.json; risultati/e25_preghiere.md,DESCRIPTIVE,"nessuna ripete subito la parola (×0,00–0,11) e non ci sono pagine omogenee (0,4–1,1%)",no,"NOT PREREGISTERED: imported work from the previous repository (tag origine, commit ee2a23d); replicated here. | src: DOSSIER_WHITE_PAPER.md l.245 | date = import commit ee2a23d (original run in the previous repository)"
e26,2026-09-30,"due decifrazioni pubblicate (Schechter, Gatta), alla prova dei controlli",Do the published decipherments of Schechter and Gatta survive control texts?,,risultati/e26_decifrazioni_pubblicate.json; risultati/e26_decifrazioni_pubblicate.md,DESCRIPTIVE,il suo glossario legge il testo senza messaggio di Timm e Schinner al 67–70%,no,"NOT PREREGISTERED: imported work from the previous repository (tag origine, commit ee2a23d); replicated here. Both readings also 'work' on meaningless generated text; a fitted mapping beats Gatta's own. | src: DOSSIER_WHITE_PAPER.md l.369 | date = import commit ee2a23d (original run in the previous repository)"
e27,2026-09-30,i nomi delle piante come cartigli,Is the plant name written in the first word or first line of herbal pages?,,risultati/e27_cartigli.json; risultati/e27_cartigli.md,DESCRIPTIVE,"Voynich: niente, né in italiano né in latino, né nella prima parola né nella prima riga.",no,"NOT PREREGISTERED: imported work from the previous repository (tag origine, commit ee2a23d); replicated here. Positive control recovered (p=0.001); best Voynich p=0.053 over 8 tests. | src: DOSSIER_WHITE_PAPER.md l.404 | date = import commit ee2a23d (original run in the previous repository)"
e28,2026-09-30,le parole uniche e gli errori di lettura,Can scribal/reading errors explain the Voynich's excess of unique words?,,risultati/e28_letture.json; risultati/e28_letture.md,DESCRIPTIVE,Le parole uniche del Voynich hanno l'aria di errori.,no,"NOT PREREGISTERED: imported work from the previous repository (tag origine, commit ee2a23d); replicated here. But adding errors to the generator raises h2 and lowers space predictability. | src: DOSSIER_WHITE_PAPER.md l.356 | date = import commit ee2a23d (original run in the previous repository)"
e29,2026-09-30,somiglianza di vocabolario fra pagine e tipo di illustrazione (riformulato),"Does vocabulary similarity between pages depend on illustration type beyond quire, hand and language?",,,NOT_RUN,"e29 riformulato, e36–e38 anticipati",no,"Not run as planned: design flaw (illustration type confounded with position); reformulated as content-paired distant pages, done with e35 (D-005). No files. | src: DECISIONI.md D-005 | date from planning document or surrounding notebook entries"
e30,2026-09-30,glossari medico-botanici medievali e catalogo di stelle,"Do genuine medieval list texts (medico-botanical glossaries, star catalogue) reproduce the Voynich repetition and in-line similarity anomalies?",preregistrazioni/e30.md,risultati/e30_elenchi_medievali.json; risultati/e30_elenchi_medievali.md,REFUTED,Esito contro l'ipotesi 1 per il criterio preregistrato.,no,Lists: immediate repetition 0.05-0.15 vs Voynich 0.94; in-line similarity <=1.3% vs 4.1%. OCR cleaning control passed (English residue <1%). | src: QUADERNO l.278
e31,2026-09-30,Naibbe con convenzioni che derivano (ipotesi 2),Does a Naibbe cipher with slowly drifting table preferences reproduce the Voynich anomalies beyond graded similarity?,preregistrazioni/e31.md,risultati/e31_naibbe_deriva.json; risultati/e31_naibbe_deriva.md,REFUTED,"Previsioni (b) e (c) confermate: la variante ""cifrario con convenzioni che derivano"" dell'ipotesi 2 spiega al più una delle anomalie.",no,"16 combinations: similarity max 2.3% (decays), repetition 0.37-0.49, bond <=0.005 bit; the 'weakens hypothesis 2' outcome as preregistered. | src: QUADERNO l.318"
e33,2026-09-30,Immagini: download completo,Data step: what is obtained by downloading and registering the Yale IIIF images of the manuscript?,,,DESCRIPTIVE,"Scaricate 211 immagini su 213: rifiutate con 403 le foto del dorso e del taglio, che non servono.",no,"CHECK: no preregistration; data-acquisition utility (also QUADERNO l.246: first 25 images), not a hypothesis test. | src: QUADERNO l.393 | date from first commit of code/results"
e34,2026-09-30,"gli spazi certi sono graduati (immagini, via le coordinate di voynichese.com)","Among spaces marked certain, are spaces narrower when the two joined words form a word attested elsewhere?",preregistrazioni/e34.md,risultati/e34_spazi_fisici.json; risultati/e34_spazi_fisici.md,CONFIRMED,"Lo spazio è una grandezza graduata anche dove il trascrittore lo vede netto, e segue le unità del sistema: i pezzi che formano un'unità nota stanno fisicamente più vicini.",no,"Validity passed (uncertain narrower by 0.113, z 21); primary 0.031, p=0.0025. CHECK: possibly superseded by e195/e195b: same narrower-space effect vanishes when stratified by word length; e34 not explicitly retracted. | src: QUADERNO l.230"
e35,2026-09-30,le piante della farmacia ritrovate nell'erbario,Does a pharmacy fragment's label recall the herbal page of the same plant more than other herbal pages?,preregistrazioni/e35.md,risultati/e35_farmacia_erbario.json; risultati/e35_farmacia_erbario.md,NULL/INCONCLUSIVE,"Esito nullo: media dei quantili 0,476 (p = 0,41); per le 2 coppie senza ""?"" 0,557.",no,7 pairs kept; low power declared in prereg (a null does not exclude content). None of the labels occurs in any herbal page. | src: QUADERNO l.246
e36,2026-09-30,"Lingue filosofiche: l'informazione sulla pagina, per posizione","Is page information concentrated at the word start, as in a philosophical language with class prefixes (R > 2)?",preregistrazioni/e36-e38.md,risultati/e36_posizione_pagina.json; risultati/e36_posizione_pagina.md; risultati/e36_posizione_pagina_esplorativo.json; risultati/e36_posizione_pagina_esplorativo.md,REFUTED,"Per il criterio preregistrato, contro la lingua filosofica a prefisso di classe.","yes: D-007, preregistered positive control found defective in a code test (Voynich numbers seen); corrected version added before official run, both reported","Controls valid (semantic prefix R=10.0, random code 0.75); Voynich R=0.98 (0.90-1.02), information equal at all positions. | src: QUADERNO l.128"
e37,2026-09-30,"Lingue filosofiche: l'informazione sulla sezione, per posizione",Is section information concentrated at the word start in running text (R > 2) and in labels (first > last sign)?,preregistrazioni/e36-e38.md,risultati/e37_posizione_sezione.json; risultati/e37_posizione_sezione.md; risultati/e37_posizione_sezione_dettaglio.json; risultati/e37_posizione_sezione_dettaglio.md,MIXED,"per il testo né la conferma di F (R > 2) né il criterio contro (R ≤ 1,5 e etichette con primo ≤ ultimo). Per le etichette, previsione F soddisfatta.","yes: minor, page threshold (>=10 useful words) fixed after prereg, declared before the run","Text: R=1.57, unstable (1.02-2.47), driven by quire T, so neither confirmed nor refuted; labels: R=3.24, F prediction met. Controls valid (19.5, 0.55). | src: QUADERNO l.128"
e38,2026-09-30,Lingue filosofiche: Lingua Ignota (esplorativo),"Where in the word does Hildegard's Lingua Ignota carry category information (start, end or nowhere)?",preregistrazioni/e36-e38.md,risultati/e38_lingua_ignota.json; risultati/e38_lingua_ignota.md,DESCRIPTIVE,"L'informazione sulla categoria sta più in fondo alla parola: R = 0,55; ultima lettera 0,063, prima 0,033.",no,"Exploratory, no directional prediction. Category at the word end (head-final compounds), not in a prefix; amateur source left uncorrected. | src: QUADERNO l.128"
e39,2026-09-30,"h2, la ricetta di Rozanova e Temerev",Is the h2 gap with Rozanova & Temerev due only to the counting recipe (their recipe gives 2.6-2.8 bits with our code)?,preregistrazioni/e39.md,risultati/e39_h2_arxiv.json; risultati/e39_h2_arxiv.md,CONFIRMED,"I due numeri non si contraddicono: cambia il modo di contare, non il fenomeno.","yes: two preregistered controls (Isidore XVII, Columella XII) dropped as too short","Their recipe: 2.698 bits (theirs 2.7), Latin 3.47; ours 2.24. Voynich >=0.73 bits below Latin/Italian/English under every recipe. | src: QUADERNO l.114"
e40,2026-09-30,Lingue filosofiche: il tipo di oggetto a parità di pagina,"Within the same page, does the type of labelled object change the label's first or last sign (p < 0.01 in pharmacy or biological)?",preregistrazioni/e40.md,risultati/e40_etichette_tipo.json; risultati/e40_etichette_tipo.md; risultati/e40_etichette_tipo_coerenza.md; risultati/e40_etichette_tipo_lunghezza.json; risultati/e40_etichette_tipo_lunghezza.md,CONFIRMED,"Farmacia, recipienti contro frammenti: differiscono nell'ultimo segno, p = 0,003, potenza stimata 0,74.",no,Survives 6-test correction; biological/astronomy null with low power (non-informative). 'Writing batches' alternative not excluded; qualified by e42: pairwise same-page check did not recover the effect (p=0.67). | src: QUADERNO l.128
e41,2026-09-30,il gibberish umano (Gaskell e Bowern 2022),Does human gibberish (Gaskell & Bowern 2022) reproduce the Voynich immediate repetition (M1) and graded line similarity (M2)?,preregistrazioni/e41.md,risultati/e41_gibberish.json; risultati/e41_gibberish.md; risultati/e41_gibberish_bootstrap.md,MIXED,"Una persona che scrive senza senso ""come viene"" produce la ripetizione immediata ma non le altre due anomalie.",no,"M1 met (0.71 >= 0.6); M2 not met (flat, like Latin); M3 (no directional prediction) 0.009 bit, below languages. Short modern documents. | src: QUADERNO l.211"
e42,2026-09-30,"etichette della farmacia, classe o lotti?","Is the pharmacy label-ending difference (e40) explained by writing batches, i.e. same-type labels on a page sharing their body?",preregistrazioni/e42.md,risultati/e42_lotti.json; risultati/e42_lotti.md,REFUTED,Per la preregistrazione l'esito si accorda con la marcatura per classe.,no,"Controls valid; body D=-0.009, p=0.71. Last-sign coherence check did not recover e40 (p=0.67): class marking only an indication. CHECK: either/or prereg, classified on the batch (L) claim. | src: QUADERNO l.331"
e43,2026-09-30,l'ibrido di D'Imperio (codice + riempitivi copiati),Is D'Imperio's hybrid (coded message words plus copied fillers) viable on all criteria for some parameter combination?,preregistrazioni/e43.md,risultati/e43_ibrido.json; risultati/e43_ibrido.md,REFUTED,Nessuna praticabile.,no,"12 combinations: repetition reached (x1.09-1.34) but hapax 51-66%, h2 2.47-3.09 and similarity only local (0-0.6% at 6 lines). | src: QUADERNO l.348"
e44,2026-09-30,un messaggio diluito nel generatore di Timm e Schinner,Can a share of real coded message be diluted into the Timm & Schinner generator while staying compatible (m* > 0)?,preregistrazioni/e44.md,risultati/e44_messaggio_diluito.json; risultati/e44_messaggio_diluito.md,REFUTED,Esito: nessuna quota compatibile,no,m*=0: 4% message words already break page homogeneity. Validity (m=0 identical to e23) passed. Author: excludes only 'naive' dilution (followed by e46/e52). | src: QUADERNO l.363
e45,2026-09-30,Immagini: vicolo cieco dell'allineamento (D-010),Can voynichese.com word boxes be aligned onto the IIIF images to measure the ink of pharmacy labels?,,risultati/e45_allineamento.json; risultati/e45_allineamento.md,NOT_RUN,"Misura rinviata. Per farla serve segnare a mano i riquadri delle etichette, con un protocollo cieco.",no,"CHECK: no prereg; technical pilot only. Alignment unreliable (scales 1.60-2.04, about half of labels misplaced), so the ink measurement was not run (D-010). | src: QUADERNO l.393 | date from first commit of code/results"
e46,2026-09-30,il codice accorto,"Is a full message in a homophonic code, with forms chosen by page style, compatible with the Voynich for some combination?",preregistrazioni/e46.md,risultati/e46_codice_accorto.json; risultati/e46_codice_accorto.md,REFUTED,Nessuna combinazione compatibile.,no,"16 combinations (12 random variants per word): h2 2.76-2.88, types twice the Voynich, homogeneity only local; with junctions the bond overshoots (0.47-0.55). | src: QUADERNO l.543"
e47,2026-09-30,il vocabolario aperto è costante e strutturale,Is the Voynich-generator hapax gap due to vocabulary turnover across sections (T) rather than local word creation (L)?,preregistrazioni/e47.md,risultati/e47_vocabolario.json; risultati/e47_vocabolario.md; risultati/e47_vocabolario_esplorativo.md,MIXED,"Esito ""misto"" per la soglia dichiarata: il divario di parole uniche fra Voynich e generatore è 0,10 già a 1.000 parole e sale a 0,17 a 34.000.",no,Gap ratio n=1000/n=34000 = 0.61 (preregistered middle category). Unexpected: Voynich hapax share nearly constant with sample size; vocabulary turnover with distance. | src: QUADERNO l.408
e48,2026-09-30,il generatore che compone parole nuove,Does adding word composition to the self-citation generator yield a compatible combination?,preregistrazioni/e48.md,risultati/e48_composizione.json; risultati/e48_composizione.md,REFUTED,Esito: nessuna combinazione compatibile.,"yes: first run failed (parallel e47 run recompiled the generator classes); rerun alone, method unchanged","Validity (q=0 identical to e23) passed. With lambda 0.9 homogeneity, repetition and h2 hold, but hapax <=0.58 and bond collapses (0.08-0.11). | src: QUADERNO l.430"
e49,2026-09-30,"il generatore che compone, verso il Voynich (giunture anche per le parole composte)","With junction rules for composed words, is some combination compatible and does it pass out-of-sample validation (V1-V3)?",preregistrazioni/e49.md,risultati/e49_composizione_giunture.json; risultati/e49_composizione_giunture.md,REFUTED,"Nessuna combinazione compatibile, per il solito compromesso",no,"Bond restored (0.18-0.24). Out of sample: V1 always passed, V3 only at low lambda, V2 (vocabulary drift) never. | src: QUADERNO l.464"
e50,2026-09-30,"il generatore che compone, verso il Voynich (recenza e novità)",Do source recency and forced novelty yield a compatible combination that also passes V1 and V3?,preregistrazioni/e50.md,risultati/e50_recenza_novita.json; risultati/e50_recenza_novita.md,REFUTED,"nessuna combinazione è compatibile: h2 sale a 2,45–2,62 (limite 2,40), e parole uniche e omogeneità superano il Voynich.",no,"Validity passed. Sub-predictions: (a) novelty raised hapax keeping homogeneity, held; (b) drift appeared with K=5. CHECK: MIXED arguable, but the compatibility criterion (c) failed. | src: QUADERNO l.464"
e51,2026-10-01,il modello senza messaggio si avvicina (meno composizione),"With less composition, is some combination compatible and does it pass out-of-sample V1, V3, V4 and V5?",preregistrazioni/e51.md,risultati/e51_composizione_fine.json; risultati/e51_composizione_fine.md,MIXED,Per la preregistrazione: compatibile ma validazione a metà.,no,"Compatible at K=0, q=0.10, lambda 0.75/0.90; out of sample V1 and V4 passed, V3 (page profile) and V5 (attested unions) failed. | src: QUADERNO l.502"
e52,2026-10-01,il codice accorto (varianti vere del Voynich),Is the clever homophonic code using real Voynich variants compatible with the Voynich for some combination?,preregistrazioni/e52.md,risultati/e52_codice_accorto_vero.json; risultati/e52_codice_accorto_vero.md; risultati/e52_codice_accorto_vero_decifra.md; risultati/e52_codice_accorto_vero_decifra_fuori.md,REFUTED,"Somiglianza di pagina locale (fino al 3,4% nella riga, 1,2–1,8% a sei righe) e legame ≤ 0,11: stile e giunture si contendono la stessa scelta.",no,No explicit label for e52; results table shows no compatible combination (bond <=0.11 < 0.15 everywhere). 86-88% of positions ambiguous; message recovery with key 32-37% (exploratory). | src: QUADERNO l.543
e53,2026-10-01,il modello senza messaggio si avvicina (scissione alle giunture morbide),Do word splitting at soft junctions (for V5) and disabling word-final substitutions (for V3) fix the e51 model's failures?,preregistrazioni/e53.md,risultati/e53_scissione.json; risultati/e53_scissione.md,MIXED,"Ipotesi (b) smentita: senza sostituzioni finali R resta 0,72–0,74.",yes: criterion declared ill-chosen after the run (one-sided thresholds let bond excess 0.30-0.36 pass); two-sided bands adopted from e56,"(a) splitting raised attested unions to 1.70-1.83; out of sample V6 passed (finals off, d>=0.06), V7 failed narrowly (-0.91); (b) refuted. | src: QUADERNO l.502"
e54,2026-10-01,la forma delle parole (V8): diagnosi esplorativa,"Which signs carry the page signature, and how do word shapes differ, in the generator vs the Voynich?",,risultati/e54_firma_pagina.json; risultati/e54_firma_pagina.md,DESCRIPTIVE,"Nel generatore la firma di pagina sta sui segni della seconda e penultima posizione (e, d, i), nel Voynich è distribuita.",no,No prereg; exploratory diagnosis that motivated e55 (initial q-: generator 3% vs 10-18%; final -y: 18% vs 33-46%). | src: QUADERNO l.561 | date from first commit of code/results
e55,2026-10-01,la forma delle parole (V8),Do the self-citation generators fail V8 (sign distribution by word position farther from the Voynich than Currier A from B)?,preregistrazioni/e55.md,risultati/e55_forma_parole.json; risultati/e55_forma_parole.md,CONFIRMED,"Tutti i generatori ad autocitazione, tutti i semi, falliscono V8.",no,Naibbe and word-for-word code pass by construction. Seed-19 generator values seen in e54 before the prereg (declared in it). V8 added to the checklist. | src: QUADERNO l.561
e56,2026-10-01,"""copia o componi"", un modello più semplice",Is the two-gesture 'copy or compose' model compatible within two-sided bands and validated out of sample?,preregistrazioni/e56.md,risultati/e56_copia_o_componi.json; risultati/e56_copia_o_componi.md,REFUTED,"Nessuna combinazione compatibile (bande a due lati): la composizione libera satura, con parole uniche 0,30–0,54 e tipi 0,02–0,16.",no,36 combinations; drift (V2) and length autocorrelation (V6) do appear. | src: QUADERNO l.592
e57,2026-10-01,"""copia o componi"" con forme composte sempre nuove",Does 'copy or compose' with always-new composed forms become compatible (hapax within 0.60-0.76)?,preregistrazioni/e57.md,risultati/e57_copia_o_componi_nuove.json; risultati/e57_copia_o_componi_nuove.md,REFUTED,"Eccesso opposto: tipi 0,50–0,80, h2 2,5–2,8, legame 0,34–0,40.",no,"No combination within the bands (results: at most 2/7); hapax 0.82, repetition 1.35-1.41. | src: QUADERNO l.592"
e58,2026-10-01,"la parola ""di sopra"" (prova del meccanismo di copia)",Does a Voynich word resemble the word in the same position on the line above more than the other words of that line?,preregistrazioni/e58.md,risultati/e58_parola_sopra.json; risultati/e58_parola_sopra.md; risultati/e58_parola_sopra_interne.json; risultati/e58_parola_sopra_interne.md,NULL/INCONCLUSIVE,"Ma la Bibbia latina ha p = 0,034, sotto la soglia di 0,05: validità non piena per la lettera della preregistrazione.",no,"invalid test (controls failed). Voynich 1.059 (z 9.9), like generator; exploratory interior-word version valid and positive (1.028, p=0.001). CHECK: strong effect, validity failed only by the letter. | src: QUADERNO l.608"
e59,2026-10-01,la traccia verticale con la distanza,Does the vertical trace come from copying the line immediately above only (excess at d=2 < half of d=1)?,preregistrazioni/e59.md,risultati/e59_verticale_distanza.json; risultati/e59_verticale_distanza.md,REFUTED,"Non è ""copia dalla sola riga sopra"". Il profilo è simile al generatore ai semi 1 e 2, che sceglie la riga fonte fra tutte le precedenti della pagina.",no,Excess ratio d=2/d=1 = 0.64. Test cannot separate a table from copying from the whole page; negative control unreliable beyond d=1 (Bible z 3.9 at d=3). | src: QUADERNO l.651
e60,2026-10-01,formule a distanza,Does the Voynich show long-distance formulae like content texts (excess of distant repeated word pairs >= 1.5)?,preregistrazioni/e60.md,risultati/e60_formule.json; risultati/e60_formule.md,CONFIRMED,"Per la soglia preregistrata (coppie ≥ 1,5) il Voynich ""si accorda con un contenuto a formule"", ma proprio sul limite.",no,Borderline (x1.51). Author's prudent reading: excess partly due to junctions and section-concentrated vocabulary; still above all generators (triples x5.2 vs <=x3.3). | src: QUADERNO l.629
e61,2026-10-01,la pagella (riepilogo descrittivo),How do all text and model families score on the 17 Voynich properties?,,risultati/e61_pagella.json; risultati/e61_pagella.md,DESCRIPTIVE,"17 proprietà del Voynich, con bande di tolleranza scelte dopo aver visto i risultati, per 10 testi o modelli.",no,"No prereg; explicitly a summary, not a test (post-hoc bands). Best: e51 model 9/17. | src: QUADERNO l.660 | date from first commit of code/results"
e62,2026-10-01,omofoni veri scelti secondo uno stile di pagina che deriva,Does a full message with real homophones chosen by a drifting page style reproduce the Voynich base properties?,preregistrazioni/e62.md,risultati/e62_omofoni_stile.json; risultati/e62_omofoni_stile.md,REFUTED,"Nessuna combinazione compatibile: omogeneità al massimo 0,9%.",no,"27 combinations; drift appears (0.06-0.07 with sigma 2, rho 0.95). Author closes the 'code + style' family (e46, e52, e62). | src: QUADERNO l.678"
e63,2026-10-01,la riga modello,Does the 'model line' mechanism (re-tracing an earlier line with edits) reproduce the Voynich properties?,preregistrazioni/e63.md,risultati/e63_riga_modello.json; risultati/e63_riga_modello.md,REFUTED,Esito: in eccesso su tutto.,no,"Length autocorrelation 0.09-0.38, vertical trace 1.9-3.0, h2 3.0-3.4, word form far off; at most 3/8 base properties. Lighter variant (a<=0.3) not tried. | src: QUADERNO l.698"
e64,2026-10-01,il soggetto della pagina,Does the opening word of herbal pages recur in the page more than a random word of similar length?,preregistrazioni/e64.md,risultati/e64_soggetto_pagina.json; risultati/e64_soggetto_pagina.md,NULL/INCONCLUSIVE,La soglia preregistrata era 2: validità non piena.,no,invalid test (controls failed): Culpeper 1.77 < 2. Voynich opening word recurs far less than chance (x0.07; near forms x0.50). CHECK: could be read as REFUTED; validity not full. | src: QUADERNO l.709
e65,2026-10-01,formule d'apertura nelle ricette (test non valido),Are recipe-section paragraph openings more concentrated on a few forms than internal words?,preregistrazioni/e65.md,risultati/e65_aperture_ricette.json; risultati/e65_aperture_ricette.md,NULL/INCONCLUSIVE,"Il valore del Voynich (0,84; aperture più frequenti tchedy, pol, polaiin) non è informativo.",no,invalid test (controls failed): Apicius positive control 0.95 (p=0.71). | src: QUADERNO l.727
e66,2026-10-01,parole chiave e argomenti (nello spirito di Montemurro e Zanette 2013),Does keyword/topic structure (Montemurro-Zanette style) distinguish the Voynich from no-message generators?,preregistrazioni/e66.md,risultati/e66_parole_chiave.json; risultati/e66_parole_chiave.md,REFUTED,"La ""struttura per parole chiave"" non è un indizio di contenuto: un procedimento di copia locale ne produce più dei testi veri.",no,"Voynich I*=0.296, generators 0.39-0.50. Large-scale persistence (4,000 words) matched only by the recency model. Measure reconstructed; paper to be checked at source. | src: QUADERNO l.749"
e67,2026-10-01,consolidamento (modello senza messaggio a parametri fissi),Which scorecard properties does the consolidated no-message model with fixed parameters reproduce?,preregistrazioni/e67.md,risultati/e67_modello_consolidato.json; risultati/e67_modello_consolidato.md,DESCRIPTIVE,"6–9 proprietà su 17, non meglio dell'e51: i meccanismi interferiscono.",no,Prereg declared a survey with no success threshold. Recency and splitting together raise h2 (2.43-2.46) and lower space (0.47-0.50). | src: QUADERNO l.771
e68,2026-10-01,filtro di forma,Does a shape filter on first and last signs bring word form into band and improve the scorecard?,preregistrazioni/e68.md,risultati/e68_filtro_forma.json; risultati/e68_filtro_forma.md,MIXED,"η = 1: 12/17, il punteggio più alto finora.","yes: D-011, generator blocked at eta=1; filter excluded for line-initial words and all eta values rerun","Scorecard 9 -> 12/17 (drift and Zipf appear out of sample), but predicted targets missed: word form 2.02 (band <=1), space 0.575 (not near 0.66). | src: QUADERNO l.771"
e69,2026-10-01,filtro di forma su quattro posizioni,Does a shape filter on four positions bring word form toward 1 and homogeneity back into band?,preregistrazioni/e69.md,risultati/e69_forma_quattro.json; risultati/e69_forma_quattro.md,REFUTED,Previsione smentita. Avevo previsto che con 4 posizioni la forma scendesse verso 1; non è successo.,no,"Best still 12/17 (2 positions, eta 1, lambda 0.6); word form 1.84-2.54; with 4 positions worse (5-6/17). | src: QUADERNO l.800"
e70,2026-10-01,copia esatta frequente o forma nuova,"Does a copy-or-new-form model with frequent exact copying reach Voynich types, hapax and word form?",preregistrazioni/e70.md,risultati/e70_copia_frequente.json; risultati/e70_copia_frequente.md,REFUTED,"Esito: 4–6/17, molto peggio dell'e68.",no,"Predictions refuted: hapax 0.40-0.50, word form 2.7-4.5 despite construction. Author closes the no-message generator line (best 12/17, e68/e69). | src: QUADERNO l.814"
e71,2026-10-01,anatomia del bordo di riga,Are Voynich line-edge words normal words with an added marker sign (rather than arbitrary line wrap or line-as-entry)?,preregistrazioni/e71.md,risultati/e71_bordo_riga.json; risultati/e71_bordo_riga.md,NULL/INCONCLUSIVE,La prova del segno aggiunto non vale.,no,invalid test (controls failed): positive control 1.09 < 1.5. Exclusivity non-discriminating. Generator edge form differs -> 18th scorecard property (D-012). CHECK: multi-part prereg; generator part definite. | src: QUADERNO l.833
e72,2026-10-01,"scelta, aggiunta o sostituzione al bordo","Are Voynich line-edge words mid-line words with an added sign, rather than chosen or substituted words?",preregistrazioni/e72.md,risultati/e72_bordo_meccanismo.json; risultati/e72_bordo_meccanismo.md,CONFIRMED,"Secondo il criterio preregistrato il meccanismo all'inizio è l'aggiunta: molte parole d'inizio riga sono parole normali precedute da y, d, s oppure o.","yes: validity bound pi_A,s missed (0.342 < 0.35) but start side read, weights taken as lower bounds",Start only (A +0.79 bit); end side invalid (Plinio control failed). Pilot on 600 lines of Currier A seen before prereg commit (declared). CHECK: strictly unreadable; partly corrected by e139 (o- not line-initial). | src: QUADERNO l.882
e73,2026-10-01,il bordo contro la posizione accanto,"Compared with the adjacent position, is the line-initial effect an added sign proper to the first word?",preregistrazioni/e73.md,risultati/e73_bordo_interno.json; risultati/e73_bordo_interno.md,CONFIRMED,"È confermato: a inizio riga lo scriba aggiunge un segno (y, d, s, o) a una parola normale.",no,"Start side valid: own effect +0.79 bit, second word +0.02. End side invalid by rule (Plinio T +0.064). CHECK: partly corrected by e139: o- is not a line-initial sign (y-, d-, s- are). | src: QUADERNO l.917"
e74,2026-10-01,il legame fra parole non attraversa l'a capo,"Does the word-to-word junction bond continue across the line break (R >= 0.6, like wrapped prose)?",preregistrazioni/e74.md,risultati/e74_legame_a_capo.json; risultati/e74_legame_a_capo.md,REFUTED,Questo è uno dei risultati più netti finora: la riga del Voynich è un'unità chiusa.,no,"Validity passed (Naibbe R 1.02 but weak bond; shuffled lines R<0); Plinio R 0.67. Voynich R=0.01 (A 0.02, B 0.01): lines are closed units. Robust in e97. | src: QUADERNO l.953"
e75,2026-10-01,struttura interna della riga,Do interior words of a line depend on their relative position in the line (internal structure)?,preregistrazioni/e75.md,risultati/e75_colonne_riga.json; risultati/e75_colonne_riga.md,CONFIRMED,"La riga del Voynich ha un ""profilo"" dall'inizio alla fine, non solo i bordi.",no,"Validity passed. First sign z 31, word type z 12.5; generators ~0. Exploratory: a gradient from the edges, not table columns. | src: QUADERNO l.994"
e76,2026-10-01,righe piene e chiuse (sezione delle ricette),"In the recipe section, are Voynich lines both full (CV < 0.15) and closed (R < 0.2)?",preregistrazioni/e76.md,risultati/e76_righe_piene.json; risultati/e76_righe_piene.md,CONFIRMED,Nella sezione S le righe sono piene come una prosa mandata a capo e chiuse come voci indipendenti.,yes: first run had 'within'/'across' labels swapped (R inverted); fixed in a separate commit and rerun,"Validity passed. Voynich S: CV 0.049, short lines 0.1%, R -0.00. | src: QUADERNO l.1031"
e77,2026-10-01,versi con sandhi riproducono la riga chiusa,"Do Sanskrit verses with sandhi close the line (R < 0.3) when set one half-verse per line, but not when run on (R > 0.6)?",preregistrazioni/e77.md,risultati/e77_versi_sandhi.json; risultati/e77_versi_sandhi.md,CONFIRMED,Meccanismo confermato per entrambi i testi.,no,Manusmrti and Raghuvamsa: R 0.01 per verse vs 0.76-0.86 run on. Line closure + strong junctions no longer evidence against content. | src: QUADERNO l.1060
e78,2026-10-01,i versi con sandhi sulla pagella,"As predicted, do sandhi verses fail the non-line scorecard properties (repetition, homogeneity, h2)?",preregistrazioni/e78.md,risultati/e78_versi_pagella.json; risultati/e78_versi_pagella.md,CONFIRMED,"Il verso con sandhi spiega le proprietà di riga ma non il resto dell'impronta, che resta lontana come per ogni lingua naturale scritta in alfabeto.","yes: D-013, drift measured at the maximum available distance for short texts (technical block)","Manusmrti 4/17, Raghuvamsa 1/17. CHECK: predicted line-border pass failed (Manusmrti end 148 vs 55); MIXED arguable. | src: QUADERNO l.1096"
e79,2026-10-01,verso fisso o riga elastica? (non valido),"After lines shortened by drawings, does the bond continue (broken fixed verse) or stay closed (elastic line)?",preregistrazioni/e79.md,risultati/e79_verso_o_elastica.json; risultati/e79_verso_o_elastica.md,NULL/INCONCLUSIVE,"Validità fallita. Il controllo ""verso con spazio limitato"" dà Δ = −0,09, contro il ≥ 0,3 richiesto. L'esperimento non si legge.",no,invalid test (controls failed): design flaw (written vs available width) and low power. Redone as e80. | src: QUADERNO l.1125
e80,2026-10-01,verso fisso o riga elastica? (seconda prova),Are Voynich lines elastic (R_short < 0.2 with upper limit < 0.4) rather than broken fixed-length verses?,preregistrazioni/e80.md,risultati/e80_verso_o_elastica_2.json; risultati/e80_verso_o_elastica_2.md,NULL/INCONCLUSIVE,"Lettura preregistrata: indeciso. R_corte è sotto 0,2, ma il limite superiore tocca 0,40, e il criterio chiedeva < 0,4.",no,Redo of e79; validity passed. Voynich R_short 0.19 (upper 0.40); weak evidence for the elastic line. | src: QUADERNO l.1145
e81,2026-10-01,direzione della giuntura (non valido),Is the Voynich junction regressive like sandhi (word end adapts to the next word) rather than progressive?,preregistrazioni/e81.md,risultati/e81_direzione_giuntura.json; risultati/e81_direzione_giuntura.md,NULL/INCONCLUSIVE,direzione della giuntura (non valido),no,"invalid test (controls failed): Raghuvamsa ratio 1.36 < 2, Plinio (no sandhi) 2.16. Descriptive Voynich 0.87. Exploratory: no vocabulary jump between lines. | src: QUADERNO l.1166"
e82,2026-10-01,gli inizi di riga consecutivi si evitano,Does the first sign of a line depend on the first sign of the line above (beyond page homogeneity)?,preregistrazioni/e82.md,risultati/e82_ordine_inizi.json; risultati/e82_ordine_inizi.md; risultati/scartati/e82_ordine_inizi_nullo_errato.json; risultati/scartati/e82_ordine_inizi_nullo_errato.md,CONFIRMED,"Lettura preregistrata: il segno d'inizio riga dipende da quello della riga prima, ben oltre la vicinanza fra righe.",yes: first null paired a line with itself and the negative control failed (z −3.2); null fixed (D-014) and rerun with the same criteria,"Voynich z 24 vs second-word z 4.7; exploratory: mainly avoidance (same-sign ratio 0.43); verified by e83, e84. | src: QUADERNO l.1198"
e83,2026-10-01,l'evitamento fra inizi di riga è confermato,"Is the avoidance of the same initial sign in consecutive lines robust (S(1)<0.7, z<−4 in ZL, IT, GC and in languages A and B)?",preregistrazioni/e83.md,risultati/e83_evitamento_inizi.json; risultati/e83_evitamento_inizi.md,CONFIRMED,"Criterio di conferma (S(1) < 0,7 con z < −4 nelle tre trascrizioni e nelle due lingue): confermato.",no,"S(1) 0.50–0.52 in three transcriptions, A 0.36, B 0.62; S(2)=1.196, just under 1.2, so by rule only avoidance of immediate repetition. | src: QUADERNO l.1242"
e84,2026-10-01,sequenza oltre l'evitamento,"Beyond avoidance, do consecutive line-initial signs show preferred, asymmetric transitions (sequence structure)?",preregistrazioni/e84.md,risultati/e84_sequenza_inizi.json; risultati/e84_sequenza_inizi.md,CONFIRMED,"Lettura preregistrata: oltre a evitare lo stesso segno, gli inizi di righe consecutive hanno passaggi preferiti e asimmetrici.",no,"Off-diagonal z 12.4, asymmetry z 11.4, holds in A and B; exploratory check in same entry: survives excluding 2nd paragraph line (e85 confound). | src: QUADERNO l.1291"
e85,2026-10-01,niente distici (effetto di posizione),Do lines come in pairs in phase with the paragraph start (line parity predicts the first sign)?,preregistrazioni/e85.md,risultati/e85_parita_righe.json; risultati/e85_parita_righe.md,SUPERSEDED,"La lettura ""distici"" è ritirata: è un effetto di posizione.",yes: unforeseen design confound (parity of 2nd/last paragraph line) found after running; exploratory control removed the effect,"Prereg rule gave 'pairs in phase' (first sign z 6.7); withdrawn in same entry (z −0.5 without 2nd/last lines); listed as withdrawn at l.1530. CHECK: retraction is in own entry; could be REFUTED. | orig=CONFIRMED; superseded_by=QUADERNO l.1291, l.1530 | src: QUADERNO l.1291"
e86,2026-10-01,nemmeno il gibberish umano,Do people writing invented gibberish avoid starting consecutive lines with the same letter?,preregistrazioni/e86.md,risultati/e86_evitamento_umano.json; risultati/e86_evitamento_umano.md,REFUTED,Lettura: chi inventa un testo non evita di cominciare due righe con la stessa lettera.,no,"Gibberish S(1) 1.05 (z 0.7); Bible controls valid (0.99, 1.22). | src: QUADERNO l.1347"
e87,2026-10-01,niente giunture verticali nella colonna delle prime parole,Is the column of line-first words a sequence governed by the junction rule (vertical junctions)?,preregistrazioni/e87.md,risultati/e87_colonna_iniziale.json; risultati/e87_colonna_iniziale.md,REFUTED,La colonna delle prime parole non è una sequenza con giunture.,no,Voynich R −0.02 (z −0.7); positive control R 0.73 (z 31). | src: QUADERNO l.1366
e88,2026-10-01,la prima parola di riga non è copiata da quella sopra,Is a line's first word derived from the first word above by copying its body and changing the initial sign?,preregistrazioni/e88.md,risultati/e88_copia_cambia_inizio.json; risultati/e88_copia_cambia_inizio.md,REFUTED,"criterio preregistrato non raggiunto: nessun ""copia e cambio""",no,Identical bodies ratio 1.03 (z 0.2); identical whole first words avoided (0.58); second-word column shows copying (1.47). | src: QUADERNO l.1381
e89,2026-10-01,le etichette non somigliano alle prime parole di riga,Do drawing labels resemble line-initial words (heading hypothesis) rather than line edges or internal words?,preregistrazioni/e89.md,risultati/e89_etichette_prime_parole.json; risultati/e89_etichette_prime_parole.md,MIXED,Nessuno dei tre ordini preregistrati (0% dei ricampionamenti): esito misto.,no,"Prereg category 'misto' (none of edge/heading/no-relation orders); labels are farthest from line-initial words, heading hypothesis unsupported. CHECK: could be read as REFUTED. | src: QUADERNO l.1416"
e90,2026-10-01,l'evitamento è comune a tutte le mani,"Is the line-initial avoidance shared by all three main scribal hands (S(1)<0.8, z<−3 in each)?",preregistrazioni/e90.md,risultati/e90_evitamento_mani.json; risultati/e90_evitamento_mani.md,CONFIRMED,"Lettura preregistrata: proprietà comune. Tutte e tre le mani evitano, con intensità decrescente.",no,S(1) 0.36 / 0.54 / 0.70 for hands 1/2/3. | src: QUADERNO l.1440
e91,2026-10-01,le giunture del Voynich sono nella norma delle lingue del mondo,Which written languages reach Voynich-level word-junction strength (~0.19 bit)?,preregistrazioni/e91.md,risultati/e91_giunture_lingue.json; risultati/e91_giunture_lingue.md,DESCRIPTIVE,"Il Voynich (0,188 bit) è al 17° posto su 110.",no,"Ranked table; preregistered prediction (European languages <0.06) wrong; corrects dossier framing: junction strength normal, its closure at line end is not. CHECK: has predictions, could be REFUTED. | src: QUADERNO l.1465"
e92,2026-10-01,nessuna cornice di riga,Are line opening and line closing coupled (a line 'frame')?,preregistrazioni/e92.md,risultati/e92_cornice_riga.json; risultati/e92_cornice_riga.md,REFUTED,"Apertura e chiusura della riga sono indipendenti: la riga ha bordi propri, ma non una cornice accoppiata.",no,"Frame z −0.5 (A −1.5, B 0.2); controls valid. | src: QUADERNO l.1519"
e93,2026-10-01,la prima parola viene dal vocabolario della pagina (quasi come le altre),Is the line-first word less tied to the page vocabulary (drawn partly from a more general reservoir)?,preregistrazioni/e93.md,risultati/e93_prima_parola_pagina.json; risultati/e93_prima_parola_pagina.md,MIXED,"Per il Voynich nel suo insieme vale per un soffio ""meno legata"" (1,27 contro la soglia di 1,296); per la lingua B è indeciso.","yes: preregistered reading reversed by judgement using an unplanned last-word comparison (same drop, 1.24)","Rule: 'less tied' by a hair (whole text), undecided for B; author's conclusion: border-form effect, first word comes from page vocabulary. CHECK: CONFIRMED by rule, REFUTED by conclusion. | src: QUADERNO l.1586"
e94,2026-10-01,"preferenza per ch/sh vicino all'inizio della riga, a gradiente","Does the 2nd word of a line prefer ch/sh beyond the junction rule, specifically at position 2 (position 3 normal)?",preregistrazioni/e94.md,risultati/e94_seconda_posizione.json; risultati/e94_seconda_posizione.md,REFUTED,"Criterio preregistrato non soddisfatto. La posizione 3 doveva essere normale (intervallo con 1 o sotto 1,1), ma è anch'essa in eccesso.",no,"Position-2 excess real (1.43, both transcriptions) but position 3 also 1.18: a gradient from line start, not a 2nd-position rule. | src: QUADERNO l.1696"
e95,2026-10-01,"famiglie di segni intercambiabili, con scelta legata alla posizione","Are ch/sh positional allographs (same word continuations, A≤1.5, and position-dependent choice z>4)?",preregistrazioni/e95.md,risultati/e95_allografi.json; risultati/e95_allografi.md,CONFIRMED,"Criterio preregistrato per ch/sh: soddisfatto (A ≤ 1,5 e z > 4).",no,"10 candidate pairs in three families; allograph vs combinatorial 'slot' not separable by this measure; language/generator calibrations exploratory, post hoc. | src: QUADERNO l.1717"
e96,2026-10-01,"l'evitamento riguarda le classi, non le forme",Does the line-initial avoidance survive merging the sign families (i.e. it concerns the underlying class)?,preregistrazioni/e96.md,risultati/e96_evitamento_famiglie.json; risultati/e96_evitamento_famiglie.md,CONFIRMED,Lettura preregistrata: unità sottostante.,no,S(1) on families 0.61 (z −12.4); within family 0.90 (no graphic variation). | src: QUADERNO l.1770
e97,2026-10-01,la chiusura della riga è robusta,"Does line closure (R<0.2) hold in other transcriptions (IT, GC) and for each scribal hand?",preregistrazioni/e97.md,risultati/e97_chiusura_robusta.json; risultati/e97_chiusura_robusta.md,CONFIRMED,Criterio preregistrato soddisfatto: robusta.,no,Robustness check of e74; R between −0.02 and 0.06 in all tests. | src: QUADERNO l.1816
e98,2026-10-01,il verso chiude la riga anche senza sandhi. Svolta nella lettura della riga,"Does one-verse-per-line Latin poetry close the line (R<0.3 by verse, >0.6 run-on) in at least 4 of 5 texts?",preregistrazioni/e98.md,risultati/e98_versi_latini.json; risultati/e98_versi_latini.md,CONFIRMED,Criterio preregistrato soddisfatto: 4 testi conformi su 5 validi.,no,Marbodo (196 verses) counted valid but non-conforming. Verses lack line-start avoidance and the added sign. | src: QUADERNO l.1833
e99,2026-10-01,"il Macer floridus ha la riga del Voynich, non il suo vocabolario","Does the Macer floridus (verse herbal) show the predicted profile: Voynich-like closed lines and edges, no avoidance, low scorecard?",preregistrazioni/e99.md,risultati/e99_macer.json; risultati/e99_macer.md,CONFIRMED,"Un erbario medievale in versi, impaginato un verso per riga, ha la stessa chiusura della riga e lo stesso bordo d'inizio del Voynich, con la m arricchita alla fine.",no,"Comparison with predictions, no formal pass/fail; entry says 'previsioni confermate' (R −0.004, S(1) 0.95, scorecard 0/17). CHECK: could be DESCRIPTIVE. | src: QUADERNO l.1880"
e100,2026-10-01,l'erbario in versi cifrato non arriva al vocabolario del Voynich,"Does an encrypted verse herbal (Macer, 4 ciphers) reproduce both the Voynich line and its vocabulary anomalies?",preregistrazioni/e100.md,risultati/e100_macer_cifrato.json; risultati/e100_macer_cifrato.md,REFUTED,Previsioni: confermate. Nessuna cifratura supera 5/18.,no,Predictions anticipated failure (none >8/18); page homogeneity zero in all ciphers; syllable code gives repetition ×1.10. | src: QUADERNO l.1910
e101,2026-10-01,"sillabe con convenzioni di pagina, fallimento istruttivo",Does a syllable code with per-page conventions reach ≥10/18 with both repetition and page homogeneity in band?,preregistrazioni/e101.md,risultati/e101_sillabe_pagina.json; risultati/e101_sillabe_pagina.md,REFUTED,"Previsioni smentite: ""per pagina"" non dà omogeneità, e nessuna combinazione supera 10/18.",no,Max 5/18; homogeneity ≈0 in all settings. | src: QUADERNO l.1950
e102,2026-10-01,le scritture sillabiche non si avvicinano al Voynich,Does any abugida or syllabary script share at least 3 of the 4 strong Voynich anomalies?,preregistrazioni/e102.md,risultati/e102_scritture_sillabiche.json; risultati/e102_scritture_sillabiche.md,REFUTED,Previsione confermata. Nessuna scrittura arriva a 3 anomalie su 4.,no,"Prediction (none reaches 3/4) confirmed; abugidas/syllabaries have higher, not lower, h2; max 1/4 shared anomalies. | src: QUADERNO l.2040"
e103,2026-10-01,le etichette dello zodiaco non si corrispondono per posizione,Do zodiac labels at the same position correspond across different signs?,preregistrazioni/e103.md,risultati/e103_zodiaco_posizioni.json; risultati/e103_zodiaco_posizioni.md,REFUTED,Nessuna corrispondenza rilevabile fra le etichette nella stessa posizione di segni diversi.,no,Positive control valid (p 0.002); all measures p ≥ 0.14. | src: QUADERNO l.2019
e104,2026-10-01,"sillabe con grafia variabile, la prima cifratura vicina sul vocabolario",Does a syllable code with variant spellings reproduce in-line similarity and repetition together with ≥8/18?,preregistrazioni/e104.md,risultati/e104_sillabe_varianti.json; risultati/e104_sillabe_varianti.md,REFUTED,Criterio preregistrato non raggiunto: la somiglianza nella riga resta a 0 per ogni μ.,no,"Best μ=0.6: 7/18 (h2, space, unique words, repetition in band); first real-text cipher close on vocabulary. | src: QUADERNO l.2087"
e105,2026-10-01,l'inizio di riga dipende solo dall'inizio della riga sopra,Does any feature besides the previous line's start predict a line's start class (conditional z>4)?,preregistrazioni/e105.md,risultati/e105_cosa_decide_inizio.json; risultati/e105_cosa_decide_inizio.md,REFUTED,"Lettura (nessun candidato rilevante oltre la riga sopra, come previsto; il candidato 3 è spiegato anch'esso).",yes: design defect declared after running (unconditional null uninformative for 2 candidates; only conditional version used),First-order rule: only the start of the line above matters (z 26.1); prediction confirmed. | src: QUADERNO l.2056
e106,2026-10-01,"il procedimento ""a versi"" non basta","Does adding line rules to the best generator give a sufficient no-message procedure (≥12/18, R<0.1, copy and e94 criteria)?",preregistrazioni/e106.md,risultati/e106_procedimento_versi.json; risultati/e106_procedimento_versi.md,REFUTED,"Sufficienza non raggiunta. La pagella scende a 10/18 (perde unioni, lunghezze vicine, bordo) e la preferenza della seconda posizione resta sotto 1,2.",no,Base generator 13/18; line rules cost other properties. | src: QUADERNO l.2198
e107,2026-10-01,la trascrizione ripulita non si lascia leggere,Does removing graphic conventions from the transcription let the e17 solver produce a reading (relevant improvement)?,preregistrazioni/e107.md,risultati/e107_ripulita_risolutore.json; risultati/e107_ripulita_risolutore.md,REFUTED,Previsione confermata: nessun miglioramento rilevante.,no,"Decipherment attempt; position ≤0.42, 6+ coverage ≤9.7%. Run had a stray env var (LINGUE_SOLO=x) not used by e107. | src: QUADERNO l.2218"
e108,2026-10-01,la grafia che deriva non dà somiglianza,Does a syllable code with drifting spelling produce in-line similarity in band with ≥9/18?,preregistrazioni/e108.md,risultati/e108_sillabe_deriva.json; risultati/e108_sillabe_deriva.md,REFUTED,Esito: fallimento. Massimo 4/18.,no,In-line similarity ≤0.004 (Voynich 0.038); exploratory alternation finding in same entry tested later in e110. | src: QUADERNO l.2163
e109,2026-10-01,il primo segno di riga non è un indicatore di chiave,Is the first sign of a line a key indicator governing the sign distribution in the rest of the line?,preregistrazioni/e109.md,risultati/e109_indicatore_riga.json; risultati/e109_indicatore_riga.md,REFUTED,"Lettura preregistrata: indicatore escluso, alla sensibilità del controllo.",no,Off-diagonal z 0.4 vs weak control z 92.6; the planned indicator decipherment was therefore not attempted. | src: QUADERNO l.2131
e110,2026-10-01,"niente copia a catena nel Voynich, sempre nei generatori","Are words at distance 2 more similar than adjacent words (alternation A>1, z>4 in ZL, IT, languages A and B)?",preregistrazioni/e110.md,risultati/e110_alternanza.json; risultati/e110_alternanza.md,MIXED,Alternanza confermata: no; tutti i generatori sotto 1: sì.,no,"Alternation fails only in language A (z 0.9); all generators A<1 (chain copying); Voynich A 1.02–1.09, within real languages. QUADERNO l.2237. | src: risultati/e110_alternanza.md"
e111,2026-10-01,parole come sillabe? Il modello alla lettera non regge (passi 1–2),"Do Voynich words, after normalization, behave like a stream of real syllables (step-2 criterion met at some level)?",preregistrazioni/e111.md,risultati/e111_parole_sillabe.json; risultati/e111_parole_sillabe.md,REFUTED,Criterio preregistrato non soddisfatto a nessun livello.,yes: meter reading declared ill-posed after running (true verses fail it); criterion found non-discriminating,CHECK: criterion also fails for the syllable-cipher control ('il criterio non distingue'); could be NULL/INCONCLUSIVE. | src: QUADERNO l.2276
e112,2026-10-01,il primo risolutore a sillabe degenera (non valido),Can a statistical syllable solver recover a syllable-coded Latin verse text (feasibility on the control)?,preregistrazioni/e112.md,risultati/e112_risolutore_sillabe.json; risultati/e112_risolutore_sillabe.md,NULL/INCONCLUSIVE,Risolutore valido: no.,no,"invalid test (controls failed): key degenerates to 're'/'de', accuracy 0.02–0.03; redone with entropy term as e112b (also invalid). | src: QUADERNO l.2580"
e112b,2026-10-01,"il risolutore a sillabe funziona solo col modello ""barato""; il passo 3 si chiude",Can the syllable solver with an entropy term recover the syllable-coded control (valid if accuracy ≥0.6 at μ=0)?,preregistrazioni/e112b.md,risultati/e112b_risolutore_entropia.json; risultati/e112b_risolutore_entropia.md,NULL/INCONCLUSIVE,"Esito per regola: risolutore non valido. Il passo 3 si chiude con ""risolutore a sillabe non realizzato"".",no,invalid test (controls failed): honest-model accuracy ≤0.024; diagnostic 'cheating' model 0.956 at μ=0 but 0.08 at μ=0.6. | src: QUADERNO l.2670
e113,2026-10-01,"non è una lingua monosillabica (vietnamita, cinese)","Is any monosyllabic language (Vietnamese, Chinese) close to the Voynich (≥5 of 6 measures)?",preregistrazioni/e113.md,risultati/e113_monosillabiche.json; risultati/e113_monosillabiche.md,REFUTED,"Previsione in parte smentita: le monosillabiche non sono più vicine delle sillabe latine. Nessun flusso è ""vicino"" (≥ 5/6).",no,Best 3/6; Voynich has 3–4× more distinct forms and 2.5–6× more immediate repetitions. | src: QUADERNO l.2319
e114,2026-10-01,nessun accordo delle terminazioni a distanza (contro la grammatica),Do word endings agree at distance 2–3 within a line (grammar-like agreement)?,preregistrazioni/e114.md,risultati/e114_accordo_terminazioni.json; risultati/e114_accordo_terminazioni.md,REFUTED,Criteri preregistrati: accordo nel Voynich no; generatori senza accordo sì.,no,"k=2 z 0.1 (languages z 7–35). Reading narrowed in same entry by exploratory control: excludes an alphabetic language, not a word/syllable code. | src: QUADERNO l.2346"
e115,2026-10-01,le parole frequenti del Voynich non hanno un ordine preferito,Do frequent Voynich words have a preferred relative order (z>4 against both nulls in ZL and IT)?,preregistrazioni/e115.md,risultati/e115_ordine_parole.json; risultati/e115_ordine_parole.md,REFUTED,"Nel Voynich le parole frequenti (daiin, chedy, ol, qokeedy…) non hanno alcun ordine relativo preferito.",yes: tercile null found invalid after running (removes order in languages too); only the within-line null used,Voynich z 0.6 vs Bibles 6.1–18.4; exploratory: order survives in a syllable code (z 22–45). | src: QUADERNO l.2394
e116,2026-10-01,le ripetizioni non sono numeri,"Are the Voynich's immediate repetitions mainly quantities/numerals (concentrated in few types, higher in recipe sections)?",preregistrazioni/e116.md,risultati/e116_ripetizioni.json; risultati/e116_ripetizioni.md,MIXED,"Lettura preregistrata: misto. L'ipotesi ""numeri e quantità"" non è sostenuta: manca la differenza fra sezioni, che era la previsione chiave.",no,Concentration 3.74 ≥3 (generator 3.27); no section difference (key prediction failed); triples in excess as in the generator. | src: QUADERNO l.2433
e117,2026-10-01,misura satura,Do word beginnings and endings combine more freely than in any language (table-like word structure)?,preregistrazioni/e117.md,risultati/e117_combinatoria.json; risultati/e117_combinatoria.md,NULL/INCONCLUSIVE,"La misura non è informativa (difetto di disegno); ""più combinatorio di ogni lingua"": no.","yes: design defect found after running (fill measure saturated in all texts, languages included)","invalid test (measure saturated); formal label 'no'; descriptive start-end dependence near-independent, like Latin/Italian. | src: QUADERNO l.2433"
e118,2026-10-01,nessuna sezione fa eccezione,Does any manuscript section depart from the whole-text line properties?,preregistrazioni/e118.md,risultati/e118_sezioni.json; risultati/e118_sezioni.md,MIXED,"Sezioni che ""si discostano"" (criterio preregistrato): erbario e altre, solo per A (z < 1).",no,"Criterion flags herbal and 'other' sections for alternation A only; closure, avoidance, no chain copying hold everywhere; author: no exceptional section. CHECK: could be REFUTED. | src: QUADERNO l.2488"
e119,2026-10-01,niente acrostico nelle iniziali di riga,Do the line-initial signs carry an acrostic message in Latin or Italian?,preregistrazioni/e119.md,risultati/e119_acrostico.json; risultati/e119_acrostico.md,REFUTED,Criteri: controllo valido sì; acrostico non escluso no.,no,"Decipherment attempt: positive control ~80% key, Voynich position −0.28/−3.23; acrostic excluded at control sensitivity. | src: QUADERNO l.2516"
e120,2026-10-01,"riga per riga, le righe del Voynich non hanno formule ricorrenti",Do Voynich lines share recurrent skeletons whose variable slots carry page content (slot index >1.2)?,preregistrazioni/e120.md,risultati/e120_scheletri_caselle.json; risultati/e120_scheletri_caselle.md,NULL/INCONCLUSIVE,"Validità fallita: l'indice dei testi veri resta sotto 1,2.",no,invalid test (controls failed). Descriptive: 0.6% of Voynich lines have a similar line vs ~18% in Apicius and Macer. | src: QUADERNO l.2549
e121,2026-10-02,togliere la copia a catena non basta (nessun procedimento completo),Does a generator without chain copying plus line rules become a 'complete' procedure?,preregistrazioni/e121.md,risultati/e121_senza_catena.json; risultati/e121_senza_catena.md,REFUTED,Esito: nessun modello completo.,no,Without chain A rises only to 0.89; line rules break first-column copy (0.39). | src: QUADERNO l.2644
e122,2026-10-02,"Le pagine abbinate si parlano? (abbinamenti di Davide, alla cieca)",Do pharmacy pages share words with the herbal page showing the same plant (blind matchings by Davide)?,preregistrazioni/e122.md,,NOT_RUN,Sostituisce la raccolta dell'e122: Davide non riesce ad abbinare a mano.,no,"No code, results or own entry; blind manual matching not feasible; measure and criteria reused in e122b. | src: preregistrazioni/e122b.md"
e122b,2026-10-02,le pagine della farmacia non condividono parole con l'erbario della stessa pianta,Do pharmacy pages share more words with the herbal page of the same plant than with other herbal pages (naming signal)?,preregistrazioni/e122b.md,risultati/e122b_abbinamenti.json; risultati/e122b_abbinamenti.md,NULL/INCONCLUSIVE,Esito: nessun segnale di nominazione. La validità minima di 15 coppie non è raggiunta (14).,no,"Insufficient data per prereg (14 <15 pairs); p 0.54, mean at chance; no reliable visual matchings. CHECK: heading reads negative; could be REFUTED. | src: QUADERNO l.3467"
e123,2026-10-02,"un messaggio nelle scelte ch/sh? Criteri passati, ma con la forma sbagliata",Is a Bacon-style hidden channel in the ch/sh choices not excluded (dependence beyond position/context strata)?,preregistrazioni/e123.md,risultati/e123_canale_varianti.json; risultati/e123_canale_varianti.md,SUPERSEDED,"Esito per regola: ""canale non escluso"".",no,"Deficit only 6% of control, no block signature; e123b shows the dependence is a per-line sh preference and excludes the channel. | orig=CONFIRMED; superseded_by=e123b | src: QUADERNO l.2601"
e123b,2026-10-02,"la dipendenza ch/sh è una preferenza per riga, non un canale","Does the ch/sh dependence survive a per-line null with a block signature (message in blocks, M)?",preregistrazioni/e123b.md,risultati/e123b_origine_dipendenza.json; risultati/e123b_origine_dipendenza.md,REFUTED,"Esito: (M) non in piedi. La dipendenza dell'e123 nasce perché la quota di sh cambia da riga a riga, più un lieve effetto di innesco fra parole adiacenti.",yes: phase-index criterion found unstable near zero deficit after running (outcome unaffected),Block-5 z drops 10.0 → 1.0 with per-line null; P control behaves like the Voynich; corrects e123. | src: QUADERNO l.2620
e124,2026-10-02,"tavola e griglia (Rugg, ricostruzione semplificata). Lontana nel complesso, utile in due punti",Does a simplified Rugg table-and-grille procedure reach the 'complete' criterion?,preregistrazioni/e124.md,risultati/e124_tavola_griglia.json; risultati/e124_tavola_griglia.md,REFUTED,Esito: nessuna combinazione completa.,no,Scorecard 1–5/18; a grille restarting at each line gives line closure and A≈1. | src: QUADERNO l.2700
e125,2026-10-02,"un messaggio nelle lunghezze delle parole? Decifrazione non valida, statistica contraria",Does the word-length sequence carry a hidden message decipherable in Latin or Italian?,preregistrazioni/e125.md,risultati/e125_lunghezze_codice.json; risultati/e125_lunghezze_codice.md,NULL/INCONCLUSIVE,Decifrazione: controllo non valido.,no,invalid test (controls failed): solver 0% on positive control; descriptive stats argue against a channel (MI 0.014 vs 0.18 for encoded text). | src: QUADERNO l.2726
e126,2026-10-02,nessuna grammatica nemmeno nella composizione della riga; trasposizione esclusa,Are words of a word-ciphered language transposed within lines (grammatical ending pairs kept in line composition)?,preregistrazioni/e126.md,risultati/e126_trasposizione_riga.json; risultati/e126_trasposizione_riga.md,REFUTED,"Esito: trasposizione esclusa, alla sensibilità del controllo (controllo valido, cinque lingue su cinque).",no,"Voynich z −0.5 (ZL), 0.3 (IT); languages z 8.5–32.5; whole-word codes not covered. | src: QUADERNO l.2751"
e127,2026-10-02,l'anagramma stretto è escluso; l'ordine dei segni è rigido come in Timm e Schinner,Are signs written in a fixed order within each word (anagram cipher)?,preregistrazioni/e127.md,risultati/e127_anagramma.json; risultati/e127_anagramma.md,REFUTED,Esito: ordine stretto escluso: un terzo dei tipi ha un anagramma,yes: two failed runs of part 2 (rare OCR characters; drift on short text) fixed and rerun; part 1 identical,"Order coherence 0.878 vs 0.998 for 3%-corrupted control; order more rigid than languages, like Timm–Schinner; part 2 no promising version. | src: QUADERNO l.2859"
e128,2026-10-02,la scrittura inventata da persone non ha l'inizio di riga del Voynich,Does human-invented pseudo-writing reproduce the Voynich line structure (≥2/3 of discriminating properties)?,preregistrazioni/e128.md,risultati/e128_scrittura_inventata.json; risultati/e128_scrittura_inventata.md,MIXED,"Esito: ""in parte"" (2 proprietà discriminanti su 4; Timm e Schinner 2 su 4).",no,"Gibberish matches word-level properties (repetition, lengths) but not the two line-start properties (edge, S(1)). | src: QUADERNO l.2772"
e129,2026-10-02,griglia più ricca. Riga chiusa e A ≈ 1 sì; la somiglianza locale no,"Does a richer table-and-grille procedure approach the Voynich (≥8/12 line/page properties with R<0.1, A≥1)?",preregistrazioni/e129.md,risultati/e129_griglia_ricca.json; risultati/e129_griglia_ricca.md,REFUTED,Esito: nessun avvicinamento.,no,"Best 4/12; gives closure and A≈1 but never homogeneity, S(1), column copy, e94. | src: QUADERNO l.2836"
e130,2026-10-02,"tutte le mani seguono le stesse regole di riga, con intensità diversa","Are the line rules shared by all hands (all criteria, incl. overlapping intervals for edge and S(1))?",preregistrazioni/e130.md,risultati/e130_mani.json; risultati/e130_mani.md,MIXED,"Esito per regola: ""in parte"". Tutte le mani stanno dalla parte del Voynich in tutte le proprietà discriminanti, ma gli intervalli del bordo e di S(1) non si sovrappongono fra mani",yes: page bootstrap found to distort MI-based intervals after running (agreement/closure intervals ignored; criterion measures little affected),All hands on the Voynich side; rule strength differs between hands (hand and language A/B confounded). | src: QUADERNO l.2924
e131,2026-10-02,"il procedimento per riga riproduce la riga, non il resto",Does a line-by-line procedure (grille + start column + avoidance + per-line spelling) reach 'complete'?,preregistrazioni/e131.md,risultati/e131_procedimento_riga.json; risultati/e131_procedimento_riga.md,REFUTED,Esito: nessun procedimento completo.,no,"Scorecard 4–5/18; gets closure, S(1), A≈1 but not word form, local similarity, e94, column copy. | src: QUADERNO l.2949"
e132,2026-10-02,la prima parola della riga è un lemma? Controllo non valido; descrittivamente no,Do line-first words (added sign removed) behave like lemmas/names (unique or concentrated on their page)?,preregistrazioni/e132.md,risultati/e132_prima_parola_lemma.json; risultati/e132_prima_parola_lemma.md,NULL/INCONCLUSIVE,"Validità: no. Il controllo negativo (Timm e Schinner senza nomi) dà z 5,8 in M1a e 4,0 in M1b sulle prime parole: anche il generatore ha inizi di riga un po' speciali.",no,"invalid test (controls failed). Descriptively first words are the opposite of names (M1b z −5.0, M2 z −14.5); paragraph-first words unique 31% vs 14%. | src: QUADERNO l.2805"
e133,2026-10-02,le letture di Bax e Vatne non reggono alla verifica sistematica,Do the readings proposed by Bax (2014) and Vatne (2021) hold up under systematic verification?,preregistrazioni/e133.md,risultati/e133_letture_proposte.json; risultati/e133_letture_proposte.md,MIXED,Nessuna delle due proposte fornisce un appiglio verificato.,"yes: Part 1 rule ('reggono', 7/10 coherent) declared ill-posed after running (6 of 7 coherent words occur once)","Literal: Part 1 rule 'reggono' (7/10 coherent words) = yes; Part 2 (Bax key vs 10,000 random keys, p 0.14) and Part 3 (Vatne) = no. Author declared the Part 1 rule ill-posed after running (6 of 7 'coherent' words occur once) and concludes that neither proposal holds (would be REFUTED). | src: QUADERNO l.2884 | reviewed in the final cross-batch review"
e134,2026-10-02,Naibbe e i generatori U2/U3 di Reddit non hanno le proprietà di riga,"Does any external generator/cipher (Naibbe, U2, U3) reproduce the Voynich line structure (>=8/12 line properties plus R, S(1), sh, agreement)?",preregistrazioni/e134.md,risultati/e134_generatori_esterni.json; risultati/e134_generatori_esterni.md,REFUTED,"nessuno riproduce la struttura di riga. Nessuno ha l'evitamento dell'inizio, il bordo forte o la grafia decisa per riga.","yes: first run stopped by a table-formatting error after computation, fixed (ef24971) and rerun with identical results; in-line agreement criterion found non-discriminating in 29-line-block format","Naibbe 3/12, U2 1/12, U3 2/12 line/page properties; outcome unchanged by the agreement-criterion issue. | src: QUADERNO l.3032"
e135,2026-10-02,"cinque scelte di grafia su sette sono decise per riga, ma indipendenti fra loro",Is there a common hidden 'line state' coupling several spelling choices within a line?,preregistrazioni/e135.md,risultati/e135_stato_riga.json; risultati/e135_stato_riga.md,REFUTED,"Esito per regola: nessuno stato di riga comune (5 scelte per riga sì, accoppiamento no).",no,Sub-result positive: 5 of 7 spelling choices are line-decided (z>3); coupling C z 1.1 vs positive control z 35.9. | src: QUADERNO l.3059
e136,2026-10-02,le righe non rimano,Do Voynich line endings rhyme (AABB/ABAB/ABA) beyond paragraph composition?,preregistrazioni/e136.md,risultati/e136_rima.json; risultati/e136_rima.md,REFUTED,"nessuna rima, con un controllo enormemente sensibile.",no,"Dante control z 617 at k=2; duplicate cantos removed before running (prereg updated in same commit), not a deviation. | src: QUADERNO l.3013"
e137,2026-10-02,nessuna numerazione degli inizi di riga,Do line-initial classes follow a cycle/numbering (order-2 dependence or periodicity) beyond a single first-order chain?,preregistrazioni/e137.md,risultati/e137_ciclo_inizi.json; risultati/e137_ciclo_inizi.md,SUPERSEDED,"Per regola ""numerazione: sì"". Ma Timm e Schinner, che non ha numerazione, dà 6,2: il nullo a catena unica non controllava le differenze fra sezioni e mani.",yes: single-chain null found defective after running (ignored section/hand heterogeneity); rule outcome 'yes' not accepted,"Rule said numbering yes (order-2 z 5.6/6.1, no periodicity). e137b with section/hand and quire nulls gives 'indeciso'; shared entry title: no numbering. | orig=CONFIRMED; superseded_by=e137b | src: QUADERNO l.3087"
e137b,2026-10-02,nessuna numerazione degli inizi di riga,Does the order-2 dependence of line starts survive section/hand and quire-specific first-order nulls (numbering confirmed)?,preregistrazioni/e137b.md,risultati/e137b_eterogeneita.json; risultati/e137b_eterogeneita.md,NULL/INCONCLUSIVE,Esito per regola: indeciso.,no,"z 2.9/2.4 (ZL), 3.3/3.1 (IT); Timm & Schinner still 5.3. Shared entry with e137; reading: no periodicity, weak order-2 residue. | src: QUADERNO l.3087"
e138,2026-10-02,nessuna struttura di voce stabile nelle righe dei paragrafi,Do lines within paragraphs fall into types ordered by position in the paragraph (structured entry)?,preregistrazioni/e138.md,risultati/e138_tipi_riga.json; risultati/e138_tipi_riga.md,REFUTED,"voce strutturata no. L'effetto della posizione è instabile: forte con 3 tipi, debole con 4, assente con 6.",no,Similarity between consecutive lines (z 4-6) noted as descriptive extra. | src: QUADERNO l.3131
e139,2026-10-02,"y-, d- e s- sono segni d'inizio riga; o- no","Is word-initial 'o-' a line-position marker (like y-, d-, s-) rather than present throughout the line?",preregistrazioni/e139.md,risultati/e139_o_articolo.json; risultati/e139_o_articolo.md,REFUTED,"o- non è posizionale: l'alternanza X/oX vale circa 29% ovunque, ed è più rara come prima parola di paragrafo (6%).",no,"y-, d-, s- positional (yes); o- not; 'article' meaning not testable. Entry corrects earlier reading of e72/e73. CHECK: dichotomous prereg question, yes-claim taken as 'o- positional'. | src: QUADERNO l.3106"
e140,2026-10-02,le varianti lunghe non servono a riempire la riga,"Are long spelling variants (ee, aiin, qo-) used to fill short lines (margin alignment)?",preregistrazioni/e140.md,risultati/e140_riempimento_riga.json; risultati/e140_riempimento_riga.md,REFUTED,"Esito per regola: no. La correlazione negativa c'è, ma:",no,Negative correlation equally present in last paragraph lines and stronger in Timm & Schinner: generic measurement effect. | src: QUADERNO l.3208
e141,2026-10-02,"il testo è composto nelle righe della pagina, non copiato da un modello con altri a capo",Was the text composed directly in the page's lines rather than copied from a model with different line breaks?,preregistrazioni/e141.md,risultati/e141_copia_o_composizione.json; risultati/e141_copia_o_composizione.md,CONFIRMED,"Esito: composto sul posto. Rapporto corta/piena 1,16 nel Voynich contro 0,60 nel controllo.",no,"Only 65 pairs after short lines (low power declared before running). CHECK: dichotomous prereg question, yes-claim taken as 'composed in place' (first criterion). | src: QUADERNO l.3149"
e142,2026-10-02,le etichette dei due Ariete e dei due Toro non si somigliano più del caso,Are the labels of the two Aries and two Taurus zodiac pages more similar than other adjacent zodiac pages?,preregistrazioni/e142.md,risultati/e142_zodiaco_doppio.json; risultati/e142_zodiaco_doppio.md,NULL/INCONCLUSIVE,nessuna prova che le etichette dipendano dal segno disegnato. Potenza bassa (11 coppie).,no,p 0.31/0.42/0.27; low power declared in prereg. CHECK: 'nessuna prova' read as 'not shown' (low power); could be REFUTED. | src: QUADERNO l.3173
e143,2026-10-02,inizio e fine della stessa riga non sono legati (controllo non valido),Are the start and the end of the same line chosen together (a line 'frame')?,preregistrazioni/e143.md,risultati/e143_cornice_riga.json; risultati/e143_cornice_riga.md,NULL/INCONCLUSIVE,"Validità: no, perché il controllo positivo non arriva a z 10. L'effetto imposto era piccolo: riguarda solo le righe in s.",no,"invalid test (controls failed): positive control z 6.4 < 10. Descriptively Voynich z -0.4, no frame. | src: QUADERNO l.3191"
e144,2026-10-02,le etichette dello zodiaco non hanno un posto fisso nella ruota,"Do zodiac labels have a fixed place in the wheel (same stem in same sector, ring preference)?",preregistrazioni/e144.md,risultati/e144_ruote_zodiaco.json; risultati/e144_ruote_zodiaco.md,REFUTED,"Esito: settore no, anello no, yke confinata sì.",no,"Sub-criterion C (yke- family confined, p 6e-5) yes, read per prereg as vocabulary drift. qualified by e200: ring effect absent again. CHECK: MIXED if the three Reddit claims are counted separately. | src: QUADERNO l.3227"
e145,2026-10-02,"le abitudini che derivano riproducono le scelte per riga, non la chiusura",Does a minimal 'drifting habits' model (start rule + AR(1) spelling preferences + page vocabulary) reproduce the line properties?,preregistrazioni/e145.md,risultati/e145_abitudini.json; risultati/e145_abitudini.md,REFUTED,Esito: nessuna combinazione basta per la riga.,no,"Reproduces line-decided choices and their memory, but not line closure (R 0.53-0.71) nor A>=1. | src: QUADERNO l.3379"
e146,2026-10-02,le preferenze di riga derivano in 3–5 righe e ripartono a ogni pagina,Do line spelling preferences drift locally and restart at page and at paragraph boundaries?,preregistrazioni/e146.md,risultati/e146_deriva_preferenze.json; risultati/e146_deriva_preferenze.md,MIXED,"Esito: deriva locale sì, ripartenza a pagina sì, ripartenza a paragrafo no.",no,"Local drift yes, page restart yes, paragraph restart no (attenuates only). Estimates used to set e145 parameters. | src: QUADERNO l.3342"
e147,2026-10-02,"il testo non si adatta allo spazio, e il margine destro non è ""perfetto""","Does the text adapt to the available space (shorter words, compressed signs, actively aligned right margin)?",preregistrazioni/e147.md,risultati/e147_spazio_immagini.json; risultati/e147_spazio_immagini.md,REFUTED,Esito: no su tutte e tre.,no,Right margin less regular than a simple wrap simulation (ratio 1.95). | src: QUADERNO l.3247
e148,2026-10-02,le due metà di un bifoglio si somigliano molto più dei vicini — scrittura per bifoglio,Are the two leaves of the same bifolium more similar than comparable neighbouring leaves (writing by bifolium)?,preregistrazioni/e148.md,risultati/e148_bifogli.json; risultati/e148_bifogli.md,CONFIRMED,Esito: bifogli scritti come unità.,no,23 conjugate pairs; word and bigram measures p<0.0001; spelling-profile measure (3) not significant (p 0.27). | src: QUADERNO l.3265
e149,2026-10-02,"le etichette sono un lessico a sé, segnato da o-",Are labels text words with an added prefix (rather than a separate lexicon)?,preregistrazioni/e149.md,risultati/e149_etichette_prefisso.json; risultati/e149_etichette_prefisso.md,REFUTED,"Esito: lessico a sé (non ""testo + prefisso"").",no,"Prereg comparison changed before running (declared), not a deviation. Labels marked by o- (59%). | src: QUADERNO l.3320"
e150,2026-10-02,i bifogli hanno un ordine di somiglianza che la rilegatura non segue,"Is there a bifolium order, reconstructed from vocabulary, that is smoother out-of-sample than the binding order?",preregistrazioni/e150.md,risultati/e150_ordine_scrittura.json; risultati/e150_ordine_scrittura.md,CONFIRMED,"Ricostruito 0,50–0,54 contro rilegatura 0,42–0,45 e ordini casuali 0,31–0,34: vince 20 su 20.",no,Shared entry with e150b. qualified by e150b: gain could come from hand/language grouping; e150b confirms within groups. Author: does not prove a writing sequence. | src: QUADERNO l.3293
e150b,2026-10-02,i bifogli hanno un ordine di somiglianza che la rilegatura non segue,Does the reconstructed bifolium order beat the binding order also within same hand/language groups?,preregistrazioni/e150b.md,risultati/e150b_ordine_dentro_mani.json; risultati/e150b_ordine_dentro_mani.md,CONFIRMED,"Esito per regola: ordine diverso dalla rilegatura sì, anche dentro le mani.",no,20/20 splits overall and in the largest group alone. | src: QUADERNO l.3293
e151,2026-10-02,le ricette non sono in ordine da glossario,Are the recipe (star) paragraphs in glossary-like (alphabetical/prefix) order?,preregistrazioni/e151.md,risultati/e151_glossario.json; risultati/e151_glossario.md,REFUTED,"nessun ordine alfabetico né di altro tipo per prefisso nei paragrafi delle ricette, con un controllo molto sensibile.",no,Alphita control z 20.6; recipes z 0.8. | src: QUADERNO l.3364
e152,2026-10-02,un generatore che scrive le righe in ordine riproduce la firma di riga del Voynich,"Does a generator writing each line in order (start rule, line theme, junction choice, habits) reproduce the line properties?",preregistrazioni/e152.md,risultati/e152_righe_in_ordine.json; risultati/e152_righe_in_ordine.md,CONFIRMED,"Esito per regola: riga riprodotta sì (4 combinazioni), completo no.",no,"Primary 'line reproduced' criterion met by all 4 combinations; full e121 criterion (reported only) not met, scorecard 6-10/18; ablation without junctions fails A. | src: QUADERNO l.3403"
e153,2026-10-02,"il generatore di righe rifinito riproduce anche copia di colonna, e94, omogeneità e formule",Does the refined in-order line generator reproduce line and page properties well enough to be a reference no-message model?,preregistrazioni/e153.md,risultati/e153_righe_rifinite.json; risultati/e153_righe_rifinite.md,MIXED,"Esito per regola: riga riprodotta sì, completo no, quindi nessun modello di riferimento.",no,"Line reproduced yes; complete (scorecard>=12) no, best 10/18 and 9/12; no reference model. | src: QUADERNO l.3544"
e154,2026-10-02,l'ordine ricostruito dei bifogli è confermato dalle abitudini di grafia,"Does the reconstructed bifolium order also make independent features (spelling habits, layout) more gradual than the binding?",preregistrazioni/e154.md; preregistrazioni/e154b.md,risultati/e154_ordine_verifica.json; risultati/e154_ordine_verifica.md,SUPERSEDED,Esito per regola: confermato.,yes: measure (I) recognised after running as not independent of vocabulary,"Rule 'confirmed' rested on spelling measure (I), declared non-independent (e154b prereg 'Il difetto dell'e154'); layout (II) no gain. Redone in e154b, which confirms. | orig=CONFIRMED; superseded_by=e154b | UPHELD: superseded for a method error, conclusion upheld by e154b | src: QUADERNO l.3436"
e154b,2026-10-02,l'ordine ricostruito dei bifogli è confermato dalle abitudini di grafia,"With vocabulary normalised for the five spelling choices, does the reconstructed order still make spelling habits more gradual than the binding?",preregistrazioni/e154b.md,risultati/e154b_ordine_normalizzato.json; risultati/e154b_ordine_normalizzato.md,CONFIRMED,Esito: ordine confermato dalla grafia.,no,"p<0.001 overall; hand 2/B group does not confirm. Later physical checks: e161 weak support, e170/e178/e179 no confirmation. | src: QUADERNO l.3436"
e155,2026-10-02,le righe hanno un tema debole ma reale (sotto la soglia preregistrata),Do the words of a line cluster into a few variant families (a line 'theme') beyond page vocabulary?,preregistrazioni/e155.md,risultati/e155_tema_di_riga.json; risultati/e155_tema_di_riga.md,REFUTED,"Esito per regola: righe a tema no (z alto, ma rapporto sotto 1,1).",no,"Small but significant effect (x1.06, z 10.9) absent in Timm & Schinner and Latin; below preregistered ratio 1.1. | src: QUADERNO l.3600"
e156,2026-10-02,"le ""lingue"" A e B non sono solo abitudini di grafia (controllo non valido)",Are Currier languages A and B mainly spelling habits (>=70% of their vocabulary divergence explained by spelling choices)?,preregistrazioni/e156.md,risultati/e156_lingue_ab.json; risultati/e156_lingue_ab.md,NULL/INCONCLUSIVE,Controllo valido: no. Esito: A e B differiscono nel vocabolario (quota spiegata a N2: 0.08).,yes: positive control found ill-designed after running (A compared with itself rewritten),invalid test (controls failed). Descriptive reading: spelling explains only 5-8% of the A/B excess divergence. | src: e156_lingue_ab.md
e157,2026-10-02,le abitudini di grafia non riconoscono un cambio di scriba (metodo non valido),Can line spelling habits detect a change of scribe within a page (method valid on stitched test pages)?,preregistrazioni/e157.md,risultati/e157_cambi_scriba.json; risultati/e157_cambi_scriba.md,NULL/INCONCLUSIVE,"Metodo valido: no. Servivano almeno il 50%, e il doppio della stessa mano.",no,"invalid test (method failed calibration: 8% different-hand vs 10% same-hand detection); real-page candidates not interpreted. CHECK: prereg reads invalidity as 'habits insufficient', could be REFUTED. | src: QUADERNO l.3717"
e158,2026-10-02,"il ""riconoscimento"" dell'ebraico di Hauer e Kondrak lo dà anche un testo senza messaggio",Is the Hauer-Kondrak language identification of the Voynich informative (more confident than for no-message texts)?,preregistrazioni/e158.md,risultati/e158_hauer_kondrak.json; risultati/e158_hauer_kondrak.md,REFUTED,Esito: l'indicazione sul Voynich non è informativa. Un generatore senza messaggio (Timm e Schinner) ottiene l'ebraico per primo con più sicurezza del Voynich.,no,Methods valid (100% on 20 enciphered languages). | src: QUADERNO l.3507
e159,2026-10-02,"le ""parole-chiave"" di Montemurro e Zanette le hanno anche i testi senza messaggio",Does the Voynich carry more Montemurro-Zanette keyword (positional) information than no-message texts with vocabulary drift?,preregistrazioni/e159.md,risultati/e159_montemurro_zanette.json; risultati/e159_montemurro_zanette.md,REFUTED,Esito: le parole-chiave non distinguono un contenuto.,no,Timm & Schinner and hand-invented texts reach or exceed the Voynich value. | src: QUADERNO l.3528
e160,2026-10-02,sotto l'involucro di riga non riemerge un codice a parole (solo un debole ordine),"Does word-code structure re-emerge once the known line 'envelope' (start sign, spelling choices, variants) is removed?",preregistrazioni/e160.md,risultati/e160_testo_ripulito.json; risultati/e160_testo_ripulito.md,REFUTED,"Esito: struttura riemersa nel Voynich no. T4 resta negativo, nessun accordo.",no,First word-level decipherment attempt; control valid. qualified by e162: structure tests would not see a message diluted in line themes. | src: QUADERNO l.3571
e161,2026-10-02,il passo di riga conferma debolmente l'ordine ricostruito; il colore dell'inchiostro segue la rilegatura,"Do physical features (ink colour, line pitch) change more gradually in the reconstructed bifolium order than in the binding?",preregistrazioni/e161.md,risultati/e161_inchiostro.json; risultati/e161_inchiostro.md,CONFIRMED,"Esito per regola: conferma fisica sì, dal passo di riga.",no,"Weak: line pitch p 0.039, does not survive correction for two measures (noted in entry and QUADERNO l.3856); ink colour follows binding (declared photo confound). | src: QUADERNO l.3736"
e162,2026-10-02,"un messaggio nei temi di riga è invisibile ai test di struttura, ma rompe la pagina",Would a word-coded message hidden in line themes be visible to the structure tests (T1-T4)?,preregistrazioni/e162.md,risultati/e162_messaggio_nei_temi.json; risultati/e162_messaggio_nei_temi.md,REFUTED,(a) Riga riprodotta col messaggio: sì. (b) Messaggio visibile ai test di struttura: no.,no,Non-preregistered: scorecard drops 10->4/18 with the message. CHECK: claim direction taken from prereg title (visibility); (a) line kept = yes. | src: QUADERNO l.3689
e162b,2026-10-02,"un messaggio a voci, una per pagina, non rende la pagina e si vede (T3)","With one plaintext entry per page, does a message in line themes recover the page properties while staying invisible?",preregistrazioni/e162b.md,risultati/e162b_messaggio_a_voci.json; risultati/e162b_messaggio_a_voci.md,REFUTED,(a) Pagina recuperata: no. La pagella è 5/18.,no,"(b) message visible: yes, borderline (T3 +3.0/+3.5). 'Message in themes' hypothesis weakened per preregistered reading. | src: QUADERNO l.3800"
e163,2026-10-02,"la chiave di Cheshire batte le chiavi casuali, ma solo in parte",Does Cheshire's (2019) key produce Romance words beyond random keys of the same shape?,preregistrazioni/e163.md,risultati/e163_cheshire.json; risultati/e163_cheshire.md,NULL/INCONCLUSIVE,"Controllo valido. Esito per regola: incerto. M1 è sopra il 99° percentile, M2 fra il 95° e il 99°.","yes: first run crashed on page fRos (no folio number), fixed and rerun (QUADERNO l.3653); random-key null judged after running not to account for key adaptation",Resolved by e163b: advantage explained by adaptation (any optimised key does better). | src: QUADERNO l.3657
e163b,2026-10-02,"qualsiasi chiave adattata legge ""romanzo"" meglio di quella di Cheshire",Does Cheshire's key beat keys of the same shape optimised on the lexicon?,preregistrazioni/e163b.md,risultati/e163b_cheshire_ottimizzate.json; risultati/e163b_cheshire_ottimizzate.md,REFUTED,"Esito per regola: vantaggio spiegato dall'adattamento. Tutte le 20 chiavi ottimizzate, la peggiore a 0,292, battono quella di Cheshire, anche sulle parole lunghe.",no,Control valid (optimisation recovers the true key on Italian). Cheshire closed. | src: QUADERNO l.3831
e164,2026-10-02,il legame alle giunture non è un effetto di posizione (contro l'obiezione di Feaster),Is the junction bond between adjacent words merely a position effect (Feaster's objection)?,preregistrazioni/e164.md,risultati/e164_giunture_posizione.json; risultati/e164_giunture_posizione.md,REFUTED,Validità: sì. Esito: legame alle giunture vero. La sola posizione produce l'1% del legame del Voynich.,no,"Retention under position strata 0.99; prereg label 'legame alle giunture vero' = objection fails, e74 junction result holds. | src: QUADERNO l.3770"
e165,2026-10-02,"varianti solo fra parole attestate correggono h2 e tipi, ma perdono altro",Do attested-only variants and/or stronger junctions make the line generator complete (scorecard >=12/18)?,preregistrazioni/e165.md,risultati/e165_varianti_attestate.json; risultati/e165_varianti_attestate.md,REFUTED,Esito per regola: completo no (serviva ≥ 12/18).,no,"Line reproduced in all combinations; attested variants fix h2 and types but lose unique words, flat curve, formulas. | src: QUADERNO l.3876"
e166,2026-10-02,"l'inchiostro mostra le intinte, ma le scelte di grafia non cambiano con l'inchiostro",Do spelling choices change when the scribe re-dips the pen?,preregistrazioni/e166.md,risultati/e166_intinte.json; risultati/e166_intinte.md,REFUTED,Esito: nessun legame.,no,"Validity V1/V2 passed (ink darkness shows dips); H2 difference -0.0003, p 0.67. | src: QUADERNO l.3899"
e167,2026-10-02,Polygraphia III (Hermes) non ha il legame fra parole vicine,"Does the Polygraphia III cipher (Hermes 2022) reproduce the Voynich between-word properties (junction bond, A, repetition)?",preregistrazioni/e167.md,risultati/e167_polygraphia.json; risultati/e167_polygraphia.md,REFUTED,Esito per regola: compatibile no. Nessuna variante riproduce (a) né (b).,no,src: QUADERNO l.3917
e169,2026-10-02,"tema più debole ed evitamento abbassano T3, ma T4 resta positivo e la pagina si perde","Does a weaker line theme and/or neighbour avoidance correct the generator's in-line agreement (T3, T4) while keeping the page?",preregistrazioni/e169.md,risultati/e169_tema_e_vicini.json; risultati/e169_tema_e_vicini.md,REFUTED,Esito per regola: nessuna combinazione corregge l'accordo. T4 ripulito resta positivo ovunque.,no,Code committed together with e165-e167 results (git lock); order still valid per QUADERNO l.3940. | src: QUADERNO l.4035
e170,2026-10-02,lo scuro dell'inchiostro è graduale in entrambi gli ordini (nessuna conferma),Does ink darkness change more gradually in the reconstructed bifolium order than in the binding?,preregistrazioni/e170.md,risultati/e170_scuro_ordine.json; risultati/e170_scuro_ordine.md,REFUTED,"Esito per regola: conferma fisica no. L'ordine ricostruito è più graduale del caso, ma non della rilegatura.",no,Both orders more gradual than chance. | src: QUADERNO l.3948
e171,2026-10-02,un'intinta a metà riga non spezza il legame fra parole vicine,Does a mid-line pen dip break the junction bond between adjacent words?,preregistrazioni/e171.md,risultati/e171_intinte_giunture.json; risultati/e171_intinte_giunture.md,REFUTED,Esito per regola: nessun effetto (l'intervallo contiene 1).,yes: bootstrap interval found biased upward after running (central estimate 0.75 outside it); prudent reading 'at most partial weakening ~25%',Rint 0.75 is well above the 0.5 'breaks' threshold either way. | src: QUADERNO l.3973
e172,2026-10-02,"gli incroci ridanno le parole uniche, ma a prezzo della pagina",Does creating new words by crossing attested words make the generator complete (scorecard >=12/18)?,preregistrazioni/e172.md,risultati/e172_incroci.json; risultati/e172_incroci.md,REFUTED,Esito per regola: completo no.,no,"Crossings restore unique words but lose types, homogeneity and page profile. | src: QUADERNO l.4262"
e173,2026-10-02,"dimensione della scrittura e scelte di grafia, correlazione piccola ma confusa",Do spelling choices change more where script size changes between consecutive lines?,preregistrazioni/e173.md,risultati/e173_dimensione_scrittura.json; risultati/e173_dimensione_scrittura.md,SUPERSEDED,"Esito per regola: ""le scelte seguono la dimensione"".",yes: line-length confound found by exploratory check after running; rule outcome not accepted pending e173b,"Rule yes (rho 0.083, p 0.001) suspended in own entry; e173b confirmed within length classes, but e177 found the link largely mechanical (spelling choices change glyph widths). | orig=CONFIRMED; superseded_by=e173b, e177 | src: QUADERNO l.3995"
e173b,2026-10-02,le scelte di grafia cambiano un po' di più dove cambia la dimensione della scrittura,"Within line-length classes, do spelling choices still change more where script size changes?",preregistrazioni/e173b.md; preregistrazioni/e174.md; preregistrazioni/e175.md,risultati/e173b_dimensione_per_lunghezza.json; risultati/e173b_dimensione_per_lunghezza.md; risultati/e174_altezza_scrittura.md; risultati/e175_corpo_scrittura.md,SUPERSEDED,Esito per regola: le scelte seguono la dimensione.,no,"e175: 'la sua lettura va sospesa' (mechanical confound); e177: corrected for composition the link halves, not significant, 'in buona parte meccanico'. | orig=CONFIRMED; superseded_by=e175, e177 | src: QUADERNO l.4011"
e174,2026-10-02,"replica con l'altezza della scrittura, non valida per scarsità di dati",Does the e173b size-spelling link replicate with the height of low-glyph words?,preregistrazioni/e174.md,risultati/e174_altezza_scrittura.json; risultati/e174_altezza_scrittura.md,NULL/INCONCLUSIVE,"V1 r 0,138, z 3,0 (serviva > 5): test non valido;",no,"invalid test (controls failed): V1 structure check failed, only 32 pages / 120 pairs. | src: QUADERNO l.4064"
e175,2026-10-02,"replica con il corpo della scrittura, non valida; e un confondimento serio per l'e173b",Does the e173b size-spelling link replicate with the script body height measured on images?,preregistrazioni/e175.md,risultati/e175_corpo_scrittura.json; risultati/e175_corpo_scrittura.md,NULL/INCONCLUSIVE,"V1 r 0,087, z 3,2 (serviva > 5): non valido;",no,invalid test (controls failed): V1 failed. Statistic still 0.067 (p 0.0005); non-preregistered reflection suspends e173b reading (mechanical confound). | src: QUADERNO l.4077
e176,2026-10-02,"dimensione sulle parole neutre, non valida per scarsità",Is the e173b size-spelling link non-mechanical when size is measured only on choice-neutral words?,preregistrazioni/e176.md,risultati/e176_dimensione_neutra.json; risultati/e176_dimensione_neutra.md,NULL/INCONCLUSIVE,"V1 r 0,033, z 1,6: non valido;",no,invalid test (controls failed): too few neutral words (44 pages). | src: QUADERNO l.4094
e177,2026-10-02,"corretta per la composizione, la dimensione della scrittura lega poco con le scelte",Is the size-spelling link non-mechanical after correcting script size for word composition?,preregistrazioni/e177.md,risultati/e177_dimensione_corretta.json; risultati/e177_dimensione_corretta.md,NULL/INCONCLUSIVE,Esito per regola: incerto.,"yes: first run stopped when saving JSON (numpy values), fixed in separate commit and rerun with identical values","Statistic 0.032, p 0.036 (composition alone 0.027); author: e173b effect largely mechanical. Side result: corrected size varies slowly along page (r 0.51). | src: QUADERNO l.4105"
e178,2026-10-02,anche la spaziatura della mano è graduale in entrambi gli ordini,Does relative word spacing change more gradually in the reconstructed bifolium order than in the binding?,preregistrazioni/e178.md,risultati/e178_spaziatura_ordine.json; risultati/e178_spaziatura_ordine.md,REFUTED,Esito per regola: conferma no.,no,Both orders much more gradual than chance; binding also preserves real writing proximity. | src: QUADERNO l.4129
e179,2026-10-02,sulle adiacenze in disaccordo le misure fisiche non scelgono fra i due ordini,"On adjacencies where the two orders disagree, do physical measures favour the reconstructed order over the binding?",preregistrazioni/e179.md,risultati/e179_adiacenze_in_disaccordo.json; risultati/e179_adiacenze_in_disaccordo.md,REFUTED,Esito per regola: nessuna preferenza.,no,"Direction favours reconstructed (p 0.21), low power (31 pairs per side). CHECK: three-way criterion, 'no preference' could be read as NULL/INCONCLUSIVE. | src: QUADERNO l.4150"
e180,2026-10-02,un tema di pagina tiene la pagina e porta l'accordo nella riga al livello del Voynich,Does a page-level (instead of line-level) theme correct the generator's in-line agreement while keeping the page properties?,preregistrazioni/e180.md,risultati/e180_tema_di_pagina.json; risultati/e180_tema_di_pagina.md,MIXED,"Esito per regola: ""corregge l'accordo"" no, perché T4 ripulito resta positivo. ""Pagina e T3"" sì per tre combinazioni su quattro.",no,Main criterion fails on T4; preregistered secondary 'page and T3' met by 3/4 combinations; becomes new generator reference. | src: QUADERNO l.4282
e181,2026-10-02,"nessun messaggio ""baconiano"" nelle scelte di grafia",Do the spelling choices carry a Baconian (5-bit group) message?,preregistrazioni/e181.md,risultati/e181_bacone.json; risultati/e181_bacone.md,REFUTED,Validità: sì. Esito per regola: assente.,no,Voynich z 0.5 vs mixed (70%) control z 55. Consistent with later e279c. | src: QUADERNO l.4198
e182,2026-10-02,il canale delle scelte di grafia potrebbe portare fino a ~49.000 bit,How many bits at most could the five spelling choices carry beyond what habits predict?,preregistrazioni/e182.md,risultati/e182_capacita.json; risultati/e182_capacita.md,DESCRIPTIVE,"Limite superiore: se un messaggio stesse nelle varianti di grafia, potrebbe essere lungo fino a 12.000–25.000 lettere, cioè 2.000–5.000 parole latine.",no,Descriptive by prereg (no success threshold). qualified by e210/e210b: better models lower the bound by ~4%. | src: QUADERNO l.4174
e183,2026-10-02,"le etichette della farmacia differiscono fra vasi e frammenti, soprattutto in lunghezza","Does label form depend on the type of object labelled, within section and page?",preregistrazioni/e183.md,risultati/e183_etichette_oggetti.json; risultati/e183_etichette_oggetti.md,CONFIRMED,Esito per regola: le etichette dipendono dall'oggetto. L'effetto viene però solo dalla farmacia.,no,"Overall z 3.0, p 0.0025; pharmacy only. qualified by e187: difference is only label length, explainable by space on jars. | src: QUADERNO l.4222"
e184,2026-10-02,"con misure grezze del disegno, piante simili non hanno vocabolario simile",Do herbal pages with similar drawings have similar vocabulary?,preregistrazioni/e184.md,risultati/e184_piante_vocabolario.json; risultati/e184_piante_vocabolario.md,REFUTED,Esito per regola: nessun legame.,yes: colour mask found after running to include parchment tones; outcome limited to 'not with these measures',"Spearman -0.010, p 0.53. qualified by e190: redone with better drawing measure, same result. | src: QUADERNO l.4248"
e185,2026-10-02,"le cinque scelte di una riga sono quasi indipendenti, troppo per una ""lettera per riga""",Do the five spelling choices of a line encode one letter per line (dependent within the line)?,preregistrazioni/e185.md,risultati/e185_lettera_per_riga.json; risultati/e185_lettera_per_riga.md,NULL/INCONCLUSIVE,Validità: sì. Esito per regola: incerto (z fra 2 e 4).,no,z 3.7; excess ~30x below a letter-per-line control; author reads 'one letter per line' as excluded as main coding. | src: QUADERNO l.4306
e186,2026-10-02,"legami fra iniziali e finali di parole vicine, molto più deboli di un messaggio nascosto",Does any of 12 null-cipher/acrostic extraction rules yield a text-like sequence beyond a no-message generator (candidate rule)?,preregistrazioni/e186.md,risultati/e186_nulli_acrostici.json; risultati/e186_nulli_acrostici.md,SUPERSEDED,"Validità: sì. Candidate per regola: I1, I2, F1, F2, R1.",no,"Candidates resolved by e186b (initials close with the line) and e186c (finals = page habits): 'nessun cifrario a nulli'. CHECK: candidates were preliminary by design; could stay CONFIRMED qualified by e186b/c. | orig=CONFIRMED; superseded_by=e186b, e186c | src: QUADERNO l.4330"
e186b,2026-10-02,le iniziali si chiudono con la riga; le finali sembrano attraversarla (da verificare),"Does the link between initials (I1) or finals (F1) of neighbouring words cross the line break, as a hidden message would?",preregistrazioni/e186b.md,risultati/e186b_iniziali_a_capo.json; risultati/e186b_iniziali_a_capo.md,SUPERSEDED,Esiti: Voynich I1 composizione di riga; Voynich F1 messaggio.,no,"I1: line composition (R 0.17); F1: 'message' (R 0.82, z 4.3) with a global null, not accepted in the entry. e186c (within-page null): F1 explained by page spelling habits. | orig=MIXED; superseded_by=e186c | src: e186b_iniziali_a_capo.md"
e186c,2026-10-02,anche le finali si spiegano con le abitudini di pagina; nessun cifrario a nulli,"With a within-page null, does the link between finals of neighbouring words still cross the line break (hidden message)?",preregistrazioni/e186c.md,risultati/e186c_finali_pagina.json; risultati/e186c_finali_pagina.md,REFUTED,"Validità: sì. Esito per regola, F1: abitudini di pagina e riga (z attraverso l'a capo < 2).",no,control valid (Latin-in-initials R 0.95); F1 across-break z 1.7; corrects the F1 'message' outcome of e186b | src: QUADERNO l.4386
e187,2026-10-02,vasi e frammenti differiscono solo nella lunghezza dell'etichetta,"Do jar labels and plant-fragment labels in the pharmaceutical section differ beyond label length (first/last sign, o-)?",preregistrazioni/e187.md,risultati/e187_etichette_lunghezza.json; risultati/e187_etichette_lunghezza.md,REFUTED,Esito per regola: solo lunghezza.,no,"pharma z 0.5, p 0.29; biological and astronomical contrasts descriptive, also null | src: QUADERNO l.4406"
e188,2026-10-02,l'enochiano di Dee e Kelley non ha le regole di riga del Voynich,Does Dee and Kelley's Enochian (Sloane MS 3188) have the Voynich line rules (line closure R < 0.2 and start avoidance)?,preregistrazioni/e188.md,risultati/e188_enochiano.json; risultati/e188_enochiano.md,REFUTED,Esito per regola: non ha le regole di riga del Voynich.,no,"Enochian R 0.70, S 1.03 (p 0.63), like Latin; A and repetition descriptive | src: QUADERNO l.4426"
e189,2026-10-02,"i tre canali ""liberi"" potrebbero portare al massimo ~95.000 bit","What is the maximum information capacity of three 'free' channels (spelling choices, line-initial sign, word order in the line)?",preregistrazioni/e189.md,risultati/e189_capacita_totale.json; risultati/e189_capacita_totale.md,DESCRIPTIVE,"i tre canali ""liberi"" potrebbero portare al massimo ~95.000 bit",no,"descriptive upper bound 95,175 bits (~3,900-7,900 Latin words); part (c) 80% extrapolated. Qualified by e210/e210b (channel (a) re-estimated; total 93,177 bits) | src: QUADERNO l.4518"
e190,2026-10-02,"anche con una misura del disegno migliore, piante simili non hanno vocabolario simile",Do herbal pages with similar plant drawings have similar vocabulary (improved drawing mask; redo of e184)?,preregistrazioni/e190.md,risultati/e190_piante_vocabolario_bis.json; risultati/e190_piante_vocabolario_bis.md,REFUTED,Esito: nessun legame.,no,"122 pages, Spearman -0.062, p 0.84; no single feature above |0.09| | src: QUADERNO l.5167"
e191,2026-10-02,"compressione delle scelte, guadagno minuscolo e test di poca potenza",Does the sequence of spelling choices carry message-like redundancy detectable by adaptive compression (variable-length code)?,preregistrazioni/e191.md; preregistrazioni/e191b.md,risultati/e191_compressione_scelte.json; risultati/e191_compressione_scelte.md,SUPERSEDED,"Esito per regola: ""ridondanza da messaggio"". Non si accetta, per due ragioni.",yes: rule outcome not accepted by judgement in the same entry (low power: 70% Huffman control z 0.4; gain attributed to within-word links),"formal rule label positive (gain 0.0023 bit, z 13.5); e191b: with whole-word null gain vanishes (z -0.4). CHECK: orig class is the formal rule label, never accepted | orig=CONFIRMED; superseded_by=e191b | src: QUADERNO l.4479"
e191b,2026-10-02,il guadagno di compressione dell'e191 è tutto interno alle parole,Does the e191 compression gain come from within words (i.e. vanish under a whole-word permutation null)?,preregistrazioni/e191b.md,risultati/e191b_compressione_parole.json; risultati/e191b_compressione_parole.md,CONFIRMED,Esito per regola: il guadagno dell'e191 è interno alle parole.,no,"gain -0.0001, z -0.4: no between-word redundancy in the spelling choices (no sequential message signal) | src: QUADERNO l.4505"
e192,2026-10-02,"generatore con tema di pagina e varianti in parte nuove, record di 11/18",Does a page-theme generator with partly new well-formed variants reach a complete score (line reproduced and >= 12/18)?,preregistrazioni/e192.md,risultati/e192_generatore_misto.json; risultati/e192_generatore_misto.md,REFUTED,"Esito per regola: completo no, ma è il miglior generatore senza messaggio finora.",no,best nu 0.4: 11/18; later e231 discriminator separates it from the Voynich (AUC 0.97) | src: QUADERNO l.4574
e193,2026-10-02,testo circolare e rosette somigliano alle etichette; l'anello di f57v non è ordinato per frequenza,"Do non-paragraph text parts (circular, radial, rosettes, f57v ring) behave like paragraph text?",preregistrazioni/e193.md,risultati/e193_parti_a_se.json; risultati/e193_parti_a_se.md,DESCRIPTIVE,testo circolare e rosette somigliano alle etichette; l'anello di f57v non è ordinato per frequenza,yes: two execution fixes in separate commits (blocks taken from all ZL loci; f57v sequence taken from the ring line per prereg),"descriptive with thresholds: circular, rosettes, f57v ring 'different', radial not; f57v ring not frequency-ordered (Spearman 0.27, p 0.39) | src: QUADERNO l.4449"
e194,2026-10-03,Prova di fattibilità per l'e194 (ch/sh sulle immagini piene): misura ingenua non adatta,Is the ch/sh distinction discrete or gradual on full-resolution image crops?,,,NOT_RUN,Prova di fattibilità per l'e194 (ch/sh sulle immagini piene): misura ingenua non adatta,no,"no prereg, no results; only a feasibility test (naive measure, AUC 0.22 on f76r) declared 'not an experiment'; to be redesigned (STATO_LAVORI: later, with Davide) | src: QUADERNO l.5215 | date from notebook entry"
e195,2026-10-02,"le ""parole spezzate"" sembrano avere spazi più stretti (forse è la lunghezza)",Are the spaces between 'split-word' pairs (a+b attested as one word) physically narrower than other certain spaces?,preregistrazioni/e195.md,risultati/e195_parole_spezzate.json; risultati/e195_parole_spezzate.md,SUPERSEDED,Esito per regola: spazi spuri.,yes: rule outcome 'spazi spuri' not accepted after the run (exploratory length stratification removes it); decision deferred to the preregistered e195b,"z 4.5, p 0.0015, control valid; acceptance withheld in the entry (exploratory length stratification removes it); e195b: length effect, 'spurious spaces' hypothesis does not hold | orig=CONFIRMED; superseded_by=e195b | src: QUADERNO l.4544 | reviewed in the final cross-batch review"
e195b,2026-10-02,"gli spazi delle ""parole spezzate"" sono normali, a parità di lunghezza","At equal word lengths, are the spaces between split-word pairs still narrower (spurious spaces)?",preregistrazioni/e195b.md,risultati/e195b_spezzate_lunghezza.json; risultati/e195b_spezzate_lunghezza.md,REFUTED,Esito per regola: effetto della lunghezza.,no,"difference 0.001, z 0.1, p 0.45; power control valid (z 7.2) | src: QUADERNO l.4563"
e196,2026-10-02,coppie ripetute attraverso l'a capo,Do repeated word pairs occur across line breaks as much as within lines (Rrip >= 0.5)?,preregistrazioni/e196.md,risultati/e196_coppie_ripetute.json; risultati/e196_coppie_ripetute.md,REFUTED,Esito: ripetizioni chiuse nella riga.,no,shared entry e196-e201; Rrip -0.05 vs Plinio 0.86 | src: QUADERNO l.4592
e197,2026-10-02,parole uniche,Do hapax words form vertical 'ladders' between consecutive lines?,preregistrazioni/e197.md,risultati/e197_hapax_posizione.json; risultati/e197_hapax_posizione.md,REFUTED,"Scala verticale: 1.161 coppie contro 1.196 attese (z −1,4). Esito: assente.",no,shared entry e196-e201; H1 (hapax share by position) descriptive | src: QUADERNO l.4592
e198,2026-10-02,cifrario a ordinamento,"Is the Voynich compatible with a 'sorting' cipher (each multiset of signs realised in a single order, share <= 0.02)?",preregistrazioni/e198.md,risultati/e198_ordinamento.json; risultati/e198_ordinamento.md,REFUTED,Esito: non compatibile.,no,"shared entry e196-e201; Voynich 15.3% vs Latin 2.0%, Italian 2.4%, generator 17.6% | src: QUADERNO l.4592"
e199,2026-10-02,erbario tardo,Is the late herbal (f87-f96) vocabulary closer to the pharmaceutical section than to the early herbal (vocabulary follows time of writing)?,preregistrazioni/e199.md,risultati/e199_erbario_tardo.json; risultati/e199_erbario_tardo.md,CONFIRMED,Esito: vocabolario del tempo.,no,"shared entry e196-e201; hand 1, language A; +0.089, p 0.0005, 9/10 pages | src: QUADERNO l.4592"
e200,2026-10-02,anelli dello zodiaco,"Do zodiac labels prefer inner or outer rings according to their prefix (e.g. okal outer, otal inner)?",preregistrazioni/e200.md,risultati/e200_anelli_zodiaco.json; risultati/e200_anelli_zodiaco.md,REFUTED,"Esito: assenti, come nell'e144.",no,"shared entry e196-e201; MI 0.237 vs null 0.225, z 0.5 | src: QUADERNO l.4592"
e201,2026-10-02,k o t: radice o riga?,Is the k/t gallows choice decided by the word root rather than by the line (root saving >= 2x line saving)?,preregistrazioni/e201.md,risultati/e201_gallow_radice_riga.json; risultati/e201_gallow_radice_riga.md,CONFIRMED,"Esito per regola: ""classificatore di radice"".",no,"shared entry e196-e201; root 0.037 vs line 0.012 bits; read as lexicalisation, not domain classifiers. CHECK: possibly superseded by e3b49/e3b50 ('ridimensiona l'e201': saving explained by neighbouring signs) | src: QUADERNO l.4592"
e202,2026-10-02,"""balbettii"" come auto-correzioni","Are near-identical adjacent word pairs ('stutters') self-corrections, i.e. is the second word usually the more frequent form?",preregistrazioni/e202.md,risultati/e202_balbettii.json; risultati/e202_balbettii.md,REFUTED,Esito: nessun verso.,no,"shared entry e202-e205; 51.1%, p 0.5; neither self-correction nor one-way modified copy (Timm & Schinner 55.3%) | src: QUADERNO l.4628"
e203,2026-10-02,ninfe in sequenza come giorni o gradi,Are adjacent nymph labels in the zodiac circles more similar than other labels of the ring (ordered counting sequence)?,preregistrazioni/e203.md,risultati/e203_ninfe_in_sequenza.json; risultati/e203_ninfe_in_sequenza.md,NULL/INCONCLUSIVE,Esito: incerto.,no,"shared entry e202-e205; z 1.7, p 0.044; similarity flat with distance | src: QUADERNO l.4628"
e204,2026-10-02,ricette che rimandano alle piante,Do the recipe pages (section S) refer back to herbal plants (page-local herbal words recurring in S)?,preregistrazioni/e204.md,risultati/e204_rimandi_ricette.json; risultati/e204_rimandi_ricette.md,REFUTED,"Esito per regola: nessun rimando, ma il test non ha forza",no,Shared entry e202-e205. Rule label 'nessun rimando' (p 0.14 > 0.05). The entry adds that the test has no power (only 7 page-local herbal words); the prereg had no power condition. | src: QUADERNO l.4628 | reviewed in the final cross-batch review
e205,2026-10-02,esercizio di calligrafia,Does handwriting become more regular along the manuscript within each hand (apprentice practice book)?,preregistrazioni/e205.md,risultati/e205_esercizio.json; risultati/e205_esercizio.md,REFUTED,Esito: nessun miglioramento (nell'ordine di rilegatura).,no,"shared entry e202-e205; statistic +0.016, p 0.58; declared limit: binding order is not writing order | src: QUADERNO l.4628"
e206,2026-10-02,"molti segni ""facoltativi"" concordano dentro la riga (da verificare con gli strati)",Are there optional-sign classes (beyond the five known choices) whose long/short forms are decided per line?,preregistrazioni/e206.md,risultati/e206_segni_facoltativi.json; risultati/e206_segni_facoltativi.md,CONFIRMED,"molti segni ""facoltativi"" concordano dentro la riga (da verificare con gli strati)",no,"16 classes z>3, control valid; new classes not accepted before e206b. Qualified by e206b (12 remain). CHECK: possibly superseded by e3b06 (line choices reread as short-range memory) | src: QUADERNO l.4704"
e206b,2026-10-03,con il nullo stratificato restano 12 classi di segni facoltativi decise per riga,"With a null stratified by page x first paragraph line x word position, are optional-sign classes still decided per line?",preregistrazioni/e206b.md; preregistrazioni/e206c.md; preregistrazioni/e279.md,risultati/e206b_facoltativi_strati.json; risultati/e206b_facoltativi_strati.md; risultati/e206c_scelte_correlate.md; risultati/e279_bacone_classi.md,SUPERSEDED,con il nullo stratificato restano 12 classi di segni facoltativi decise per riga,no,"control valid (z 4.3); 12 classes z>3 (p initial/internal, y initial, ch internal fall). e3b06 'correzione della lettura dell'e206b': agreement is short-range memory (2-3 words), not line switches | orig=CONFIRMED; superseded_by=e3b06 | src: QUADERNO l.4990"
e206c,2026-10-03,"le scelte di riga dell'e206b sono quasi indipendenti (legame parziale, debolissimo)",Are the 12 line-level choices of e206b one common line habit (correlated) rather than independent choices?,preregistrazioni/e206c.md,risultati/e206c_scelte_correlate.json; risultati/e206c_scelte_correlate.md,MIXED,Esito preregistrato: legame parziale.,no,mean r z 3.2 (>3) but first component z 2.1 (<3); read as mostly independent. Its premise (e206b line choices) was later reread by e3b06 as short-range memory | src: QUADERNO l.5023
e207,2026-10-02,"il paragrafo come unità di contenuto, test non valido",Is the paragraph a content unit (less vocabulary shared across a paragraph start than within a paragraph)?,preregistrazioni/e207.md,risultati/e207_paragrafo_unita.json; risultati/e207_paragrafo_unita.md,NULL/INCONCLUSIVE,Esito per regola: test non valido (il controllo non passa).,no,invalid test (controls failed): Macer floridus control p 0.18; Voynich difference 0.053 (p 0.0005) not interpretable (first-line effect) | src: QUADERNO l.4721
e210,2026-10-02,con la parola il limite non scende (combinazione ingenua); qo-/o- e -l/-r sono del tutto imprevedibili,How far does the capacity bound of the spelling-choice channel drop when word and line context are used?,preregistrazioni/e210.md,risultati/e210_capacita_stretta.json; risultati/e210_capacita_stretta.md,SUPERSEDED,il limite non scende,no,"descriptive prereg; best MXL 50,097 vs 49,215 bits. e210b 'correzione di metodo': MXL was a pseudo-likelihood, not a valid bound; sequential model 47,217 bits; qo-/o-, -l/-r not fully unpredictable | orig=DESCRIPTIVE; superseded_by=e210b | src: QUADERNO l.4650"
e210b,2026-10-03,con un modello sequenziale vero il canale delle scelte scende del 4% (il limite regge),"Does a sequential combined model tighten the spelling-choice capacity bound by at least 5% below 49,215 bits?",preregistrazioni/e210b.md,risultati/e210b_capacita_sequenziale.json; risultati/e210b_capacita_sequenziale.md,REFUTED,Esito preregistrato: il limite regge,no,"47,217 bits, -4.1% (threshold -5%); three channels 93,177 bits (~3,800-7,800 Latin words) | src: QUADERNO l.5108"
e211,2026-10-02,"le parole rare dell'erbario sono poco ""della pagina"", meno di qualsiasi erbario vero","Do herbal pages have their own words (rare words clustered on a single page, R >= 3)?",preregistrazioni/e211.md,risultati/e211_parole_proprie.json; risultati/e211_parole_proprie.md,MIXED,"Esito per regola: intermedio (fra 1,5 e 3).",no,"Voynich R 1.96 vs Macer 5.1, Isidore 41.6, generator e192 50.2; reading leans to 'no own words'. CHECK: 'intermedio' (between categories) mapped to MIXED | src: QUADERNO l.4680"
e212,2026-10-02,la forza bruta sul testo ripulito non trova letture in 14 lingue,Does brute-force homophonic annealing on the cleaned text yield a plausible reading in any of 14 languages?,preregistrazioni/e212.md,risultati/e212_forza_bruta_ripulito.json; risultati/e212_forza_bruta_ripulito.md,REFUTED,"Esito: nessuna lettura. Nessuna combinazione raggiunge 0,5 su entrambe le misure.",no,long-word coverage never above 0.14; Hebrew score 0.62 without real words | src: QUADERNO l.5508
e212b,2026-10-02,"tre ""candidati"" su 85 lingue, ma la posizione è un artefatto aritmetico",Does brute force on the cleaned text yield candidate readings in the remaining languages of the cache?,preregistrazioni/e212b.md; preregistrazioni/e212c.md,risultati/e212b_tutte_le_lingue.json; risultati/e212b_tutte_le_lingue.md,SUPERSEDED,"Esito preregistrato: tre candidati, da riprovare con 8 ripartenze (e212c).",yes: controls found defective after the run (positive not deciphered for Hindi/Burmese; Finnish negative control was Finnish itself),"formal candidates Hindi, Finnish, Burmese; same entry flags a position-formula artefact; e212c: 'i tre candidati dell'e212b erano artefatti'. CHECK: orig class is the formal candidate label | orig=CONFIRMED; superseded_by=e212c | src: QUADERNO l.6437"
e212c,2026-10-03,fermato a metà: i candidati dell'e212b non reggono già sui valori parziali,"Do the three e212b candidates (Hindi, Finnish, Burmese) hold up with 8 restarts, valid controls and a shuffled-text control?",preregistrazioni/e212c.md,,REFUTED,Conclusione: i tre candidati dell'e212b erano artefatti della formula della posizione. Nessuna lettura.,"yes: stopped halfway by Davide's decision; partial values read from the log, no results file; Burmese not run","Finnish position 0.22/0.00; Hindi positive control invalid (5.3% < 30%). CHECK: partial execution, could be classed NOT_RUN | src: QUADERNO l.6463"
e213,2026-10-02,"decifrazione guidata dal contenuto atteso, test non valido",Does a single key with section-specific Latin domain models yield a domain reading (out-of-sample section discrimination)?,preregistrazioni/e213.md,risultati/e213_decifrazione_di_dominio.json; risultati/e213_decifrazione_di_dominio.md,NULL/INCONCLUSIVE,"Esito: test non valido, perché la validità chiedeva z del positivo > 4.",no,invalid test (controls failed): positive z 1.4; Voynich z 6.1 not valid as signal. e223b method lesson: single-run z ignores key variability | src: QUADERNO l.5529
e214,2026-10-02,i nomi dei mesi e dei segni non si trovano nello zodiaco,Is there a single substitution key that makes the sign/month names appear on their own zodiac pages more than under permuted assignments?,preregistrazioni/e214.md,risultati/e214_nomi_dello_zodiaco.json; risultati/e214_nomi_dello_zodiaco.md,REFUTED,Validità: sì. Esito per regola: nessun nome.,no,"control 12/12, p 0.005; Voynich bijective key 4/12, p 0.90; homophonic 5/12, p 0.82 | src: QUADERNO l.4737"
e215,2026-10-03,decifrazione a parole per allineamento dei contesti (prova di fattibilità scartata),Can a word code be broken by aligning word-context spaces (Artetxe et al.) at Voynich length?,,,NOT_RUN,l'esperimento non si lancia,no,"Feasibility check on the positive control only, before preregistration: accuracy@1 0.000–0.026; not launched. Code in analisi/scartati/e215_allineamento_parole.py. | src: QUADERNO l.4761 | date from planning document or surrounding notebook entries"
e216,2026-10-03,altri ordini di lettura non danno letture,"Does brute force with other reading orders (reversed lines/words, by columns, without optional signs) yield a reading?",preregistrazioni/e216.md,risultati/e216_ordini_di_lettura.json; risultati/e216_ordini_di_lettura.md,REFUTED,Esito preregistrato: nessuna lettura.,no,"six languages; best new mode Hebrew without optional signs 0.54/0.20, below reference | src: QUADERNO l.6407"
e217,2026-10-03,"""una parola = una sillaba"" segnala un candidato, con un sospetto di difetto di disegno",Does treating each Voynich word as a syllable of a monosyllabic language yield a candidate reading?,preregistrazioni/e217.md; preregistrazioni/e217b.md,risultati/e217_parole_sillabe.json; risultati/e217_parole_sillabe.md; risultati/e217b_verifica_sillabe.md,SUPERSEDED,"Esito preregistrato: candidato, da esaminare.",no,"formal candidates Chinese with tones (5.55), Vietnamese (4.19), Japanese (1.73), positions >1 suspicious; e217b: artefact, shuffled Voynich scores the same | orig=CONFIRMED; superseded_by=e217b | src: QUADERNO l.5554"
e217b,2026-10-03,"il ""candidato"" sillabico dell'e217 è un artefatto (lo dà anche il Voynich rimescolato)","Does the e217 syllabic candidate hold up (8 restarts, beats shuffled Voynich and generator, out-of-sample half)?",preregistrazioni/e217b.md,risultati/e217b_verifica_sillabe.json; risultati/e217b_verifica_sillabe.md,REFUTED,"Esito preregistrato: artefatto in tutte e tre le lingue, perché il Voynich non supera il proprio rimescolamento.",no,"high score comes from word-frequency distribution, not order | src: QUADERNO l.5578"
e218,2026-10-03,una chiave che dipende dalla posizione nella parola non dà letture,Does a position-dependent key (initial/internal/final/single sign) yield a reading in 10 languages?,preregistrazioni/e218.md,risultati/e218_chiave_posizionale.json; risultati/e218_chiave_posizionale.md,REFUTED,"Esito: nessuna lettura. Nessuna lingua raggiunge 0,5 su entrambe le misure.",no,Hebrew highest (0.66/0.46) but below threshold | src: QUADERNO l.5608
e219,2026-10-03,"volgari, lingue storiche e latino abbreviato non danno letture",Do 15 vernacular/historical languages or abbreviated Latin yield a reading with the brute-force solver?,preregistrazioni/e219.md,risultati/e219_volgari_e_abbreviato.json; risultati/e219_volgari_e_abbreviato.md,REFUTED,"Esito preregistrato: nessuna lettura. Nessun corpus arriva a 0,5.",no,"positive controls recover the key at 89-100%; Voynich score 0.01-0.40, coverage -0.02-0.15 | src: QUADERNO l.6394"
e221,2026-10-03,"togliere i segni ""vocalici"" non avvicina il Voynich alle lingue senza vocali","Does the consonantal skeleton (text without a, o, e, y, i) yield a reading in abjad languages?",preregistrazioni/e221.md,risultati/e221_abjad.json; risultati/e221_abjad.md,REFUTED,Esito: nessuna lettura.,no,positions drop with the skeleton (Hebrew 0.70/0.25 -> 0.28/0.00) | src: QUADERNO l.5623
e222,2026-10-03,il nomenclatore misto non dà letture,Does treating the 50 or 150 most frequent words as codes and solving the rest letter by letter yield a reading?,preregistrazioni/e222.md,risultati/e222_nomenclatore_misto.json; risultati/e222_nomenclatore_misto.md,REFUTED,Esito preregistrato: nessuna lettura.,no,positions generally drop when frequent words are removed | src: QUADERNO l.6380
e223,2026-10-03,decifrazione guidata dal contenuto in cinque volgari; il tedesco segnala un candidato debole,Does content-guided decipherment with vernacular domain models yield a domain reading in any of five languages?,preregistrazioni/e223.md; preregistrazioni/e223b.md,risultati/e223_dominio_volgari.json; risultati/e223_dominio_volgari.md; risultati/e223b_verifica_tedesco.md,SUPERSEDED,"tedesco: lettura di dominio, da esaminare (Voynich z > 4 e almeno 3 sopra il generatore)",no,formal candidate in German only (z 4.2); other four languages no reading; e223b: artefact (z -4.8 with 8 restarts) | orig=CONFIRMED; superseded_by=e223b | src: QUADERNO l.6213
e223b,2026-10-03,"il candidato tedesco dell'e223 è un artefatto (z da +4,2 a −4,8 cambiando solo le ripartenze)","Does the German candidate of e223 hold up under 8 restarts, swapped halves, shuffled text and five generator seeds?",preregistrazioni/e223b.md,risultati/e223b_verifica_tedesco.json; risultati/e223b_verifica_tedesco.md,REFUTED,Esito preregistrato: artefatto. Nessuna delle quattro prove è superata.,no,validity yes; Voynich z -4.8 with 8 restarts | src: QUADERNO l.6310
e224,2026-10-03,la salita per coordinate si ferma a 14/18 in ricerca e 12/18 in verifica,Does coordinate ascent over the new mechanisms yield a complete no-message generator (18/18 on verification seeds)?,preregistrazioni/e224.md,risultati/e224_generatore_completo.json; risultati/e224_generatore_completo.md,REFUTED,Esito: non completo. La pagella non arriva a 18/18 con questi meccanismi,no,"verification 12/18 (search 14/18); missing h2, unique words, unions, flat curve, Zipf, vertical; rare-word R 51.5 | src: QUADERNO l.5395"
e226,2026-10-03,"le parole nuove nascono un po' ""dalla pagina"", meno che nel generatore ma non la metà","Do new Voynich words arise locally from their own page (L >= 2), as in the page-reservoir generator?",preregistrazioni/e226.md,risultati/e226_nascita_parole.json; risultati/e226_nascita_parole.md,MIXED,"nel Voynich la nascita è intermedia (1,3 < L < 2)",no,valid test; L 1.56 (CI 1.50-1.62); generator 2.19 not 'too local' by the 2x threshold. CHECK: 'intermedia' (between categories) mapped to MIXED | src: QUADERNO l.4857
e227,2026-10-03,le unioni contro la giuntura (non valido); il legame vale per due terzi anche nelle coppie uniche,"Are word unions explained by the junction bond (A), and is the bond a sign rule rather than memorised word pairs (B)?",preregistrazioni/e227.md,risultati/e227_unioni_e_legame.json; risultati/e227_unioni_e_legame.md,MIXED,le unioni contro la giuntura (non valido); il legame vale per due terzi anche nelle coppie uniche,yes: a quick code test computed Voynich values before the prereg commit (declared; prereg text untouched),"A: invalid test (controls failed: positive U/N2 < 1.3); B: 'misto' (Q 0.67, generator 0.94). CHECK: two sub-questions, A inconclusive, B mixed | src: QUADERNO l.4831"
e227b,2026-10-03,"il 6% di parole spezzate dà insieme legame, Q e unioni del Voynich, ma non l'eccesso a giuntura conservata",Does a single word-splitting rate sigma reproduce all five Voynich junction/union measures?,preregistrazioni/e227b.md,risultati/e227b_spezzature.json; risultati/e227b_spezzature.md,REFUTED,Esito preregistrato: non basta.,no,"closest sigma 0.09: U/N0, bond, Q within tolerance; U/N1, U/N2 out | src: QUADERNO l.4889"
e227c,2026-10-03,neanche i tagli dove le metà sono frequenti danno l'eccesso di unioni a giuntura conservata,Do preferential cuts (where both halves are frequent words) reproduce all five junction/union measures?,preregistrazioni/e227c.md,risultati/e227c_tagli_preferenziali.json; risultati/e227c_tagli_preferenziali.md,REFUTED,Esito: non bastano.,no,validity yes; U/N1 and U/N2 stay at 1.19-1.22 and 1.06-1.08 | src: QUADERNO l.4974
e227d,2026-10-03,spezzature a caso più prefissi a -l/-r staccati riproducono tutte e cinque le misure di giuntura,Do random splits plus detached short -l/-r prefixes reproduce all five junction/union measures on seeds 1 and 2?,preregistrazioni/e227d.md,risultati/e227d_prefissi_staccati.json; risultati/e227d_prefissi_staccati.md,CONFIRMED,"Esito preregistrato: prefissi staccati bastano (σ 0,09, π 0,30).",no,"sufficiency only; hypothesis from a declared exploration of the same data; U/N1, U/N2 near lower tolerance | src: QUADERNO l.5042"
e228,2026-10-03,la copia verticale segue la parola che sta fisicamente sopra (copia a vista),Does vertical similarity follow the word physically above (visual copying) rather than the same-index word?,preregistrazioni/e228.md,risultati/e228_verticale_fisica.json; risultati/e228_verticale_fisica.md,CONFIRMED,Esito: copia a vista (fisica).,no,"shared entry e228/e228b; delta +0.019, z 3.9, controls valid; qualified by e228b (null of 200 neutral bases after a design defect seen on controls), which confirms | src: QUADERNO l.4913"
e228b,2026-10-03,la copia verticale segue la parola che sta fisicamente sopra (copia a vista),"Against a null of 200 neutral bases, does vertical similarity still follow the physically-above word rather than the same-index word?",preregistrazioni/e228b.md,risultati/e228b_verticale_nullo.json; risultati/e228b_verticale_nullo.md,CONFIRMED,Esito: copia a vista (fisica).,no,"shared entry e228/e228b; z_delta 3.9, z_P 3.4, z_I -1.2; controls valid; prereg written after a defect seen on controls only, before any Voynich run | src: QUADERNO l.4913"
e230,2026-10-03,aggiungere i meccanismi alla configurazione dell'e224 non migliora (le giunture erano già rinforzate),"Do the night's mechanisms (word splits, section lexicon, physical vertical copy) improve the e224 generator?",preregistrazioni/e230.md,risultati/e230_generatore_meccanismi.json; risultati/e230_generatore_meccanismi.md,REFUTED,Esito: nessun miglioramento netto.,no,validity yes; V0 12/18 -> V3 11/18; rare-word R 51.5 -> 39.6 (Voynich 1.96) | src: QUADERNO l.5481
e231,2026-10-03,"un discriminatore distingue il generatore e192 dal Voynich (AUC 0,97) e dice dove sbaglia",Can a page-level discriminator distinguish generator e192 pages from real Voynich pages (AUC >= 0.7)?,preregistrazioni/e231.md,risultati/e231_discriminatore.json; risultati/e231_discriminatore.md,CONFIRMED,"Generatore e192 contro Voynich: AUC 0,970, distinguibile.",no,controls valid (A vs B 1.000; random labels 0.527); i.e. the generator is not indistinguishable | src: QUADERNO l.4942
e232,2026-10-03,pescare dal manoscritto invece che dalla pagina non inganna il discriminatore,Does drawing base words from whole-manuscript frequencies (delta) lower the discriminator AUC by at least 0.05?,preregistrazioni/e232.md,risultati/e232_meno_pagina.json; risultati/e232_meno_pagina.md,REFUTED,Esito: δ non aiuta abbastanza.,no,"validity yes; delta 0 had the lowest AUC on seed 1 (0.912), verification AUC 0.918 | src: QUADERNO l.5082"
e233,2026-10-03,"variare le parole rare e tenere esatte le frequenti aiuta, ma non abbastanza (AUC 0,93 → 0,89)",Do frequency-dependent variation (kappa) and copying the previous word (chi) lower the discriminator AUC by at least 0.05?,preregistrazioni/e233.md,risultati/e233_frequenti_esatte.json; risultati/e233_frequenti_esatte.md,REFUTED,Esito: non aiuta abbastanza,no,"verification 0.931 -> 0.889 (-0.042, threshold -0.05) | src: QUADERNO l.5140"
e234,2026-10-03,"il tema variato dà la varietà della pagina, ma i parametri si fanno concorrenza",Does always varying theme words (τ) and/or favouring long candidates (ℓ) lower the discriminator AUC by ≥0.05?,preregistrazioni/e234.md,risultati/e234_tema_variato.json; risultati/e234_tema_variato.md,REFUTED,"non aiuta abbastanza, perché la scelta coincide con la partenza.",no,"Best grid point was the starting point (τ 0, ℓ 0); verification AUC 0.889 on seeds 2–3. | src: QUADERNO l.5181"
e235,2026-10-03,"la ricerca congiunta non scende sotto AUC 0,86 (ottimo locale); la famiglia ""copia e modifica"" ha un limite","Does a joint coordinate search over α, τ, ℓ, κ, χ lower the discriminator AUC by ≥0.05 on new seeds?",preregistrazioni/e235.md,risultati/e235_ricerca_discriminatore.json; risultati/e235_ricerca_discriminatore.md,REFUTED,nessun miglioramento netto.,no,"No single-parameter change improved the start; final = start, AUC 0.889 on seeds 2–3. | src: QUADERNO l.5236"
e236,2026-10-03,senza serbatoio di pagina il discriminatore vince di più e la pagina si perde,"Does a two-source generator (exact frequent words + new variants, no page pool) reach discriminator AUC ≤0.839?",preregistrazioni/e236.md,risultati/e236_due_fonti.json; risultati/e236_due_fonti.md,REFUTED,non migliore.,no,AUC 0.946 vs reference 0.889; report card 10/18. | src: QUADERNO l.5263
e237,2026-10-03,"come una pagina del Voynich riusa le proprie parole (un terzo ripetute, più di un terzo varianti)","How does a Voynich page reuse its own words (repeat/variant/frequent/elsewhere/new), compared with generators?",preregistrazioni/e237.md,risultati/e237_riuso_pagina.json; risultati/e237_riuso_pagina.md,DESCRIPTIVE,Nel Voynich più di due parole su tre sono la ripetizione esatta (un terzo) o una variante a una modifica (più di un terzo) di una parola già scritta sulla stessa pagina,no,"Preregistered as descriptive. Voynich R 31.9%, V 37.5%, N 14.3%; copy-and-modify generator deviates >20% on R, A, N. | src: QUADERNO l.5290"
e238,2026-10-03,"seguire il profilo di riuso con varianti forzate rompe la forma delle parole (AUC 0,99)",Does a generator that follows the e237 reuse profile lower the discriminator AUC to ≤0.839?,preregistrazioni/e238.md,risultati/e238_profilo_riuso.json; risultati/e238_profilo_riuso.md,REFUTED,non migliore.,no,AUC 0.987 vs reference 0.889; report card 9/18. | src: QUADERNO l.5321
e239,2026-10-03,l'operatore di variante del Voynich è diffuso; al generatore mancano proprio le operazioni delle scelte di riga,"Which edit operations turn a word into its on-page variant, and is the operator concentrated (top 25 ≥60%)?",preregistrazioni/e239.md,risultati/e239_operatore_variante.json; risultati/e239_operatore_variante.md,DESCRIPTIVE,"Le prime 10 operazioni coprono il 20%, le prime 25 il 38%: operatore diffuso.",no,Preregistered as descriptive with a fixed reading (concentrated vs diffuse): diffuse. | src: QUADERNO l.5342
e240,2026-10-03,"con l'operatore di variante empirico la pagella sale a 16/18; il discriminatore resta a 0,91",Does the empirical variant operator lower the discriminator AUC to ≤0.839?,preregistrazioni/e240.md,risultati/e240_operatore_empirico.json; risultati/e240_operatore_empirico.md,REFUTED,"AUC 0,908, contro il riferimento 0,889: non migliore",no,"Report card 16/18 on seed 2 (descriptive, not the criterion). | src: QUADERNO l.5370"
e241,2026-10-03,"con l'operatore condizionato ai segni vicini, AUC 0,874 e pagella 16/18 (il miglior generatore della notte)",Does the context-conditioned empirical variant operator lower the discriminator AUC to ≤0.839?,preregistrazioni/e241.md; preregistrazioni/e242.md; preregistrazioni/e283.md,risultati/e241_operatore_contesto.json; risultati/e241_operatore_contesto.md; risultati/e242_ripetizioni_lunghezza.md; risultati/e251_lessico_sezione.md; risultati/e283_regolazione_casuale.md,REFUTED,"non migliore, perché la soglia era ≤ 0,839.",no,"AUC 0.874, report card 16/18 (seed 2); became the base generator. Qualified by e276: 15/18 on verification seeds 7–9. | src: QUADERNO l.5417"
e242,2026-10-03,meno ripetizioni e parole rare più lunghe non abbassano l'AUC (compromesso lessicale),Do theme variation (τ) and longer rare words (ℓr) on top of e241 lower the discriminator AUC to ≤0.824?,preregistrazioni/e242.md,risultati/e242_ripetizioni_lunghezza.json; risultati/e242_ripetizioni_lunghezza.md,REFUTED,non migliore.,no,Chosen τ 0.5: AUC 0.879 vs reference 0.874 on seeds 2–3. | src: QUADERNO l.5439
e243,2026-10-03,"passo 1 del piano 18/18, primo tentativo, non superato","Does the explicit reuse module pass step 1 of the 18/18 plan (mean report card ≥17, line rule in all seeds, AUC ≤0.85)?",preregistrazioni/e243.md,risultati/e243_riuso_esplicito.json; risultati/e243_riuso_esplicito.md,REFUTED,"non superato. Il profilo di riuso è giusto (R 31–32%, contro 31,9%), ma il testo si allontana dal vocabolario del Voynich",no,"Report cards 8, 8, 10/18; AUC ~0.975. Interrupted (shutdown, background limit) and rerun from scratch with same seeds; interim entry QUADERNO l.5985. | src: QUADERNO l.6149"
e243b,2026-10-03,"passo 1 del piano 18/18 rifatto, non superato. Lacuna dichiarata",Does the redone step 1 (reuse on real vocabulary: e242 + distance copy + no immediate repeats) pass the step-1 criterion?,preregistrazioni/e243b.md,risultati/e243b_riuso_su_vocabolario.json; risultati/e243b_riuso_su_vocabolario.md,REFUTED,non superato.,no,"Mean report card 15.7, AUC 0.878 (needed ≥17 and ≤0.85). Second attempt: gap of step 1 declared per plan; continued with e241. | src: QUADERNO l.6115"
e244,2026-10-03,"dentro la stessa lingua e sezione, gli scribi non hanno procedimenti distinguibili",Do writing-procedure measures distinguish the scribes (Davis hands) beyond Currier language and section?,preregistrazioni/e244.md,risultati/e244_scribi_procedimento.json; risultati/e244_scribi_procedimento.md,REFUTED,nessuna differenza oltre lingua e sezione.,no,"Positive control z 10.3 (valid); hands z −0.8. Limited power (one useful stratum, 32 pages). | src: QUADERNO l.5638"
e245,2026-10-03,le etichette non richiamano il testo della loro pagina (meno legate di una riga qualsiasi),Do labels repeat rare words of their own page's text more than chance and more than an ordinary text line does?,preregistrazioni/e245.md,risultati/e245_etichette_testo.json; risultati/e245_etichette_testo.md,REFUTED,nessun legame.,no,Rare-exact link z 0.6; labels less tied to their page than text lines. | src: QUADERNO l.5661
e246,2026-10-03,nessun messaggio nella sequenza delle modifiche delle varianti,Does the sequence of variant edit operations show language-like sequential structure (a message)?,preregistrazioni/e246.md,risultati/e246_messaggio_varianti.json; risultati/e246_messaggio_varianti.md,REFUTED,nessuna struttura. La scelta della modifica è indistinguibile da quella di un generatore senza messaggio.,no,Positive control valid (z 122.6 / 86.9); Voynich z 0.7 / −1.3. | src: QUADERNO l.5718
e247,2026-10-03,"la scelta della fonte è ""a vista"", con una correlazione residua fra parole vicine ancora da spiegare",Does the choice of which word to copy show structure beyond mechanical by-sight copying (a possible hidden channel)?,preregistrazioni/e247.md; preregistrazioni/e247b.md,risultati/e247_scelta_fonte.json; risultati/e247_scelta_fonte.md; risultati/e247b_copia_in_sequenza.md,SUPERSEDED,struttura da esaminare.,no,M1 copy by sight (z −20); M2 offset correlation z 21 vs within-line shuffle. e247d: the correlation is local geometry; the within-line shuffle was the wrong null. Group e247–e247d. | orig=CONFIRMED; superseded_by=e247d | src: QUADERNO l.5733
e247b,2026-10-03,"la scelta della fonte è ""a vista"", con una correlazione residua fra parole vicine ancora da spiegare","Is the e247 structure explained by in-order copying of the line above (step +1 excess, no residual correlation)?",preregistrazioni/e247b.md,risultati/e247b_copia_in_sequenza.json; risultati/e247b_copia_in_sequenza.md,SUPERSEDED,"struttura non spiegata, da esaminare ancora",no,Step +1 excess (z 4.2) stands; residual B (z 5.7) was vs within-line shuffle. e247d tested the same pairs vs a geometric null: z −0.1. No QUADERNO Esito line for e247b. | orig=REFUTED; superseded_by=e247d | src: e247b_copia_in_sequenza.md
e247c,2026-10-03,"la scelta della fonte è ""a vista"", con una correlazione residua fra parole vicine ancora da spiegare",Is the residual offset correlation explained by a whole-line shift?,preregistrazioni/e247c.md,risultati/e247c_slittamento_riga.json; risultati/e247c_slittamento_riga.md,SUPERSEDED,"struttura non spiegata, da esaminare.",no,"Residual z 4.2 vs within-line shuffle; e247d: correlation is geometry, wrong null. CHECK: e247d did not recompute e247c's line-shift residual itself. | orig=REFUTED; superseded_by=e247d | src: QUADERNO l.5733"
e247d,2026-10-03,"la correlazione degli scarti è geometria; la scelta della fonte è a vista, senza canale nascosto",Does the offset correlation come from the geometry of the line above (not exceeding a geometry-preserving null)?,preregistrazioni/e247d.md,risultati/e247d_geometria.json; risultati/e247d_geometria.md,CONFIRMED,geometria.,no,"0.196 vs geometric null 0.198, z −0.1. Closes road 4 (no hidden channel in source choice) and corrects the null of e247–e247c. | src: QUADERNO l.5859"
e248,2026-10-03,"la prima parola della pagina non si comporta da ""titolo""",Does the first word of a page behave like a title (more unique and more taken up in the page than other paragraph-initial words)?,preregistrazioni/e248.md,risultati/e248_prime_parole.json; risultati/e248_prime_parole.md,REFUTED,"nessun indizio (serviva P/Q ≥ 1,3 con p < 0,01 e P più ripresa di Q).",yes: declared defect — uniqueness of the gallows-stripped body computed on the whole word; outcome unaffected,Uniqueness P/Q 1.15 (p 0.055); take-up P 0.353 vs Q 0.336. | src: QUADERNO l.5685
e249,2026-10-03,i pezzi delle parole come simboli non danno letture,"Does treating word pieces as cipher symbols yield a reading in any of 5 languages, beating the shuffled text?",preregistrazioni/e249.md,risultati/e249_pezzi_simboli.json; risultati/e249_pezzi_simboli.md,REFUTED,nessuna lettura. Nessuna lingua supera il proprio rimescolato.,no,Results file also prints a non-preregistered 'candidate' computed without the shuffle (Arabic); prereg criterion: none. Rerun after interruptions. | src: QUADERNO l.6420
e250,2026-10-03,le righe che non copiano e non sono copiate non sono fisicamente diverse,Are 'isolated' lines (low copy affinity) physically different in ink or script size (later additions)?,preregistrazioni/e250.md,risultati/e250_righe_isolate.json; risultati/e250_righe_isolate.md,REFUTED,nessuna differenza fisica.,no,"Ink darkness z 1.3, height z −0.6. | src: QUADERNO l.5703"
e251,2026-10-03,il lessico di sezione sopra l'e241 non supera il passo 2,"Does a circulating section lexicon of new forms (γ, over e241) pass step 2 (rare-word R ≤5, report card not lower)?",preregistrazioni/e251.md,risultati/e251_lessico_sezione.json; risultati/e251_lessico_sezione.md,REFUTED,non superato (R e pagella).,no,"Prereg amended before running (base e243 → e241). No γ admitted; preregistered fallback γ 0.1: report cards 45 → 34, rare-word R 48.3 → 34.1. | src: QUADERNO l.6475"
e251b,2026-10-03,"senza tema concentrato il ""muro"" si muove, ma il passo 2 non passa; lacuna dichiarata",Does page reuse without a concentrated theme and without replacement pass step 2 (second attempt)?,preregistrazioni/e251b.md,risultati/e251b_riuso_mazzo.json; risultati/e251b_riuso_mazzo.md,REFUTED,"non superato (R e pagella). Non ""utile"" per la regola (AUC dell'e266 −0,005).",no,"Second attempt: gap of step 2 declared, continue with e241. θ 0 raised page type/token 0.678 → 0.731 and lowered G3 AUC 0.916 → 0.880. | src: QUADERNO l.6623"
e252,2026-10-03,"i dodici interruttori di riga, così come progettati, peggiorano il generatore","Do twelve line-level switches (e206b classes) pass step 3 (≥10/12 classes z>3, report card and line rule not lower)?",preregistrazioni/e252.md,risultati/e252_interruttori_riga.json; risultati/e252_interruttori_riga.md,REFUTED,"non superato (classi, pagella, riga).",no,Prereg amended before running (base e241). 3/12 classes; report cards 45 → 35; line rule 2 → 0 seeds; AUCs worse. | src: QUADERNO l.6684
e253,2026-10-03,la regolazione congiunta su 19 parametri non migliora l'e288,Does a joint random search over 19 parameters lower the e266 AUC by ≥0.05 vs e241 without losing report card or line rule?,preregistrazioni/e253.md,risultati/e253_parametri_scelti.json; risultati/e253_regolazione_congiunta.json; risultati/e253_regolazione_congiunta.md,REFUTED,"non migliore (serviva −0,05).",no,e266 AUC 0.943 vs 0.961; winner's-curse effect of single-seed selection (cf. e283). Same entry: e289 (not in batch) stopped without results. | src: QUADERNO l.6808
e254,2026-10-03,ciclo avversario (passo 5 del piano 18/18),Can an adversarial cycle bring the generator's discriminator AUC to <= 0.6?,,,NOT_RUN,"e254 (ciclo avversario, obiettivo AUC ≤ 0,6)",no,"Planned id never used: no prereg/code/results. The adversarial cycle was carried out as unnumbered QUADERNO entries ('Ciclo avversario, giro 4–8') and vz experiments. CHECK | src: STATO_LAVORI.md l.597 | date from planning document or surrounding notebook entries"
e255,2026-10-03,nessuna copia attraverso il cambio di pagina; ogni pagina riparte da capo,Do the first lines of a page copy from the last lines of the preceding (or facing) page?,preregistrazioni/e255.md,risultati/e255_cambio_pagina.json; risultati/e255_cambio_pagina.md,REFUTED,nessuna copia attraverso la pagina.,no,Binding predecessor z 1.7; facing page z 0.4. | src: QUADERNO l.5771
e256,2026-10-03,nessuna deriva direzionale nelle genealogie (un indizio sotto soglia sulla d interna),Do word genealogies show directional drift (≥3 inverse-operation pairs with |z|>3) or oscillation?,preregistrazioni/e256.md,risultati/e256_genealogie.json; risultati/e256_genealogie.md,REFUTED,nessuna deriva direzionale (servivano almeno 3 coppie).,yes: declared defect — oscillation measure is 0 by construction (non-informative),"Only 2 pairs with |z|>3 (loss of internal d), below threshold. Rerun after shutdown with same seeds. | src: QUADERNO l.5891"
e257,2026-10-03,"le righe gemelle ci sono, ma il generatore e241 ne fa altrettante",Are there more 'twin lines' (in-order copies of the line above) than chance and ≥1.5× the e241 generator?,preregistrazioni/e257.md,risultati/e257_righe_gemelle.json; risultati/e257_righe_gemelle.md,REFUTED,"nessun eccesso. L'eccesso sul nullo c'è, ma il criterio chiedeva anche almeno 1,5 volte il generatore: il Voynich ne ha 0,86 volte.",no,Voynich 2.7% vs null 1.3% (z 8.0); generator 3.1% (z 11.0). | src: QUADERNO l.6194
e258,2026-10-03,"le etichette sono un sistema a parte (si copiano fra loro, lessico in buona parte proprio)","Are labels a separate system (copied from neighbouring labels, with a sub-lexicon of their own)?",preregistrazioni/e258.md,risultati/e258_etichette_sistema.json; risultati/e258_etichette_sistema.md,CONFIRMED,sistema a parte.,no,"Same-page labels z 10.6, neighbouring pages z 6.3; only 57% attested in paragraphs vs 85% (z −25.9). | src: QUADERNO l.5753"
e259,2026-10-03,"il Voynich porta ~11 bit per parola, come una Bibbia; ma il suo modello migliore è quasi solo ""di lettere""","How many bits per word does the Voynich carry under a copy-aware model, compared with real texts?",preregistrazioni/e259.md,risultati/e259_bit_per_parola.json; risultati/e259_bit_per_parola.md,DESCRIPTIVE,informazione per parola paragonabile a una lingua.,"yes: operationalization of 'much more' (≥2× reduction) fixed while writing the code, before results (declared)","Prereg reading 'descrittiva, fissata prima'. 11.22 bits/word (Latin Bible 11.33); letter model weight 0.85. CHECK: fixed binary reading; alternatively REFUTED for 'Voynich says little per word'. | src: QUADERNO l.5806"
e259b,2026-10-03,anche con una cache di varianti realistica il Voynich porta ~11 bit per parola; la pagina conta nei segni,"With a realistic weighted variant cache, how many bits per word does the Voynich carry vs real texts?",preregistrazioni/e259b.md; preregistrazioni/e275.md,risultati/e259b_varianti_pesate.json; risultati/e259b_varianti_pesate.md; risultati/e275_generatore_appreso.md,DESCRIPTIVE,informazione per parola paragonabile a una lingua.,no,"Same fixed descriptive reading as e259. 10.99 bits/word; page-letter model weight 0.79 vs ~0.07 in languages. CHECK: as e259, could be read as REFUTED. | src: QUADERNO l.5835"
e260,2026-10-03,neanche misure fisiche grossolane della scrittura distinguono gli scribi a parità di lingua e sezione,Do coarse physical measures of the script distinguish the scribes within the same language × section stratum?,preregistrazioni/e260.md,risultati/e260_scribi_tratto.json; risultati/e260_scribi_tratto.md,REFUTED,nessuna differenza oltre lingua e sezione.,no,"Control (language A/B) z 4.8, valid; hands z 0.7. Qualified by e300/e301: hands 2 and 3 differ, probably by section. | src: QUADERNO l.5789"
e261,2026-10-03,"i generatori hanno già l'""ortografia di pagina"" del Voynich",Do the generators have the Voynich 'page orthography' (page-letter weight ≥ half the Voynich's)?,preregistrazioni/e261.md,risultati/e261_ortografia_pagina.json; risultati/e261_ortografia_pagina.md,CONFIRMED,"presente per entrambi, almeno la metà del peso del Voynich.",no,"Page-letter weight: Voynich 0.79, e241 0.73, e192 0.64. | src: QUADERNO l.5908"
e262,2026-10-03,zodiaco non ordinale,Are the zodiac labels ordinal (labels at the same position similar across signs)?,preregistrazioni/e262.md,risultati/e262_zodiaco_ordinale.json; risultati/e262_zodiaco_ordinale.md,REFUTED,nessun ordine comune. Le etichette non si comportano da ordinali (giorni o gradi).,no,Group entry e262/e263/e265. Index z 1.3; cyclic shift z −0.4. | src: QUADERNO l.5921
e263,2026-10-03,etichette copiate dalla vicina,"Do consecutive labels on a page form a series (one-edit variants repeating the same edit, like an enumeration)?",preregistrazioni/e263.md,risultati/e263_etichette_serie.json; risultati/e263_etichette_serie.md,REFUTED,etichette vicine simili ma senza serie.,no,"Group entry e262/e263/e265. M1 (neighbour one-edit) z 7.5; M2 0/56 cases, null also 0: non-informative. Neighbour copying, not enumeration. | src: QUADERNO l.5921"
e264,2026-10-03,nessuna chiave che cambia a ogni pagina,Is each page enciphered with its own key variant (sign swaps raising coverage more than in a keyless generator)?,preregistrazioni/e264.md,risultati/e264_chiave_pagina.json; risultati/e264_chiave_pagina.md,REFUTED,nessuna chiave di pagina.,no,Positive control valid (p 1.9e-15); Voynich vs negative p 0.56. | src: QUADERNO l.5946
e265,2026-10-03,anelli con un inizio,Does circular text read as a continuous ring (closing junction bonded like neighbouring words)?,preregistrazioni/e265.md,risultati/e265_anelli.json; risultati/e265_anelli.md,REFUTED,inizio marcato.,no,Group entry e262/e263/e265. Closing junction z 0.1 vs null; limited power (81 rings). | src: QUADERNO l.5921
e266,2026-10-03,"un discriminatore più forte (AUC 0,937 sul miglior generatore) e due proprietà nuove",Is the discriminator with added groups G6–G9 stronger (AUC on e241 up ≥0.03 or best new group >0.8)?,preregistrazioni/e266.md,risultati/e266_discriminatore_forte.json; risultati/e266_discriminatore_forte.md,CONFIRMED,più forte.,no,"Controls valid (A vs B 1.000, random labels 0.519); AUC on e241 0.937 vs 0.874; G8 0.874. | src: QUADERNO l.5960"
e267,2026-10-03,modulo etichette del generatore (passo 3b del piano 18/18),Does a separate label module (labels copying neighbouring labels) improve the generator?,,,NOT_RUN,"e267, modulo etichette: le etichette sono un sistema a parte che copia le etichette vicine;",no,"Planned (rassegna/piano_18.md, passo 3b), never preregistered or run. | src: STATO_LAVORI.md l.594 | date from planning document or surrounding notebook entries"
e268,2026-10-03,"il registro delle prime righe abbassa il discriminatore, ma ρ 0,6 è troppo e rompe la pagella","Does an opening-line register (ρ) pass step 3b (e273 measure z>3, G8 AUC −0.05, report card and line rule not lower)?",preregistrazioni/e268.md,risultati/e268_prime_righe.json; risultati/e268_prime_righe.md,REFUTED,non superato (pagella).,no,e273 z 8.4 and G8 0.890 → 0.754 met; report cards 45 → 38 failed. Selection rule (min G8) pushed ρ to excess. | src: QUADERNO l.6603
e268b,2026-10-03,"prime righe, secondo tentativo; non superato, lacuna del passo 3b (prime righe)","With ρ tuned to the Voynich e273 value, does the opening-line register pass step 3b (second attempt)?",preregistrazioni/e268b.md,risultati/e268b_prime_righe_misura.json; risultati/e268b_prime_righe_misura.md,REFUTED,"non superato (e273 di un soffio, pagella).",no,"e273 z 2.9 (<3), report cards 45 → 42; second attempt, gap of step 3b declared. | src: QUADERNO l.6671"
e269,2026-10-03,"decifrazione sulle sole parole non copiate, nessuna lettura","Does the brute-force solver read the text made only of non-copied words (classes N and A), beating its shuffle?",preregistrazioni/e269.md,risultati/e269_parole_non_copiate.json; risultati/e269_parole_non_copiate.md,REFUTED,nessuna lettura.,no,"No language reaches 0.5. Replicated on the new PC, identical except timings (QUADERNO l.6346). | src: QUADERNO l.6247"
e270,2026-10-03,le parole nuove delle pagine d'erbario non seguono la pianta,"Do the new words (class N) of herbal pages follow plant-drawing similarity (Spearman >0, p<0.01)?",preregistrazioni/e270.md,risultati/e270_parole_nuove_piante.json; risultati/e270_parole_nuove_piante.md,REFUTED,nessun legame.,no,"Spearman 0.023 vs null 0.017, p 0.46. | src: QUADERNO l.6300"
e271,2026-10-03,i gallows iniziali non sono capilettera,Are paragraph-initial gallows decorative capitals added to ordinary words?,preregistrazioni/e271.md,risultati/e271_gallows_capilettera.json; risultati/e271_gallows_capilettera.md,REFUTED,nessun indizio. I gallows delle prime righe non sono decorazioni aggiunte a parole normali.,no,"Group entry e271/e272. p/f in first lines O/A 1.01, z 0.3. | src: QUADERNO l.6014"
e272,2026-10-03,la -m a fine riga non è un'abbreviazione,Are line-final -m words abbreviations (stems more often completable than for line-internal -m words)?,preregistrazioni/e272.md,risultati/e272_abbreviazioni_fine_riga.json; risultati/e272_abbreviazioni_fine_riga.md,REFUTED,nessun indizio. La -m finale di riga non si comporta come un segno di abbreviazione del copista,no,Group entry e271/e272. Ratio 0.91 (p 0.97); -y control 0.98. | src: QUADERNO l.6014
e273,2026-10-03,"le prime righe dei paragrafi sono un registro a parte (""intestazioni"")",Do paragraph first lines form a shared register (closer to other first lines of the section than to their own paragraph)?,preregistrazioni/e273.md,risultati/e273_intestazioni.json; risultati/e273_intestazioni.md,CONFIRMED,registro di intestazione.,no,"D1 − D2 = +0.047, z 4.7. Qualified by e278: made of similar forms, not fixed formulas. | src: QUADERNO l.6032"
e274,2026-10-03,i punti imprevedibili del testo non formano gruppi,Do highly surprising words cluster within lines more than in a message-free generator?,preregistrazioni/e274.md,risultati/e274_punti_sorpresa.json; risultati/e274_punti_sorpresa.md,REFUTED,nessun raggruppamento. Il Voynich è anzi meno raggruppato del generatore senza messaggio.,no,"Positive control valid (z 9.8); Voynich z 1.2, generator z 3.0. | src: QUADERNO l.6097"
e275,2026-10-03,"generatore ""appreso"" dalla mistura dell'e259b, non promettente",Is a generator sampled from the e259b mixture model promising (report card ≥16/18 or e266 AUC <0.937)?,preregistrazioni/e275.md,risultati/e275_generatore_appreso.json; risultati/e275_generatore_appreso.md,REFUTED,non promettente.,no,"Report card 8.3/18, e266 AUC ~1.0; reuse profile close. Replicated byte-identical on the new PC (QUADERNO l.6346). | src: QUADERNO l.6272"
e276,2026-10-03,regolare κ e χ per sezione non aiuta,Does tuning κ and χ per section lower the e266 AUC by ≥0.03 without lowering the report card?,preregistrazioni/e276.md,risultati/e276_parametri_sezione.json; risultati/e276_parametri_sezione.md,REFUTED,non aiuta.,no,Mean e266 AUC drop 0.019. Base e241 (better than e243b). | src: QUADERNO l.6361
e277,2026-10-03,le parole più frequenti del Voynich sono sparse fra le pagine come le parole grammaticali delle lingue,Are the 100 most frequent Voynich words dispersed across pages like function words in real texts?,preregistrazioni/e277.md,risultati/e277_parole_grammaticali.json; risultati/e277_parole_grammaticali.md,CONFIRMED,"come parole grammaticali. L'erbario sta dentro l'intervallo dei testi veri, 0,769–0,888.",no,Herbal D 0.801. Author's caution: the test does not distinguish a language from a copying procedure. Rerun on new PC byte-identical. | src: QUADERNO l.6056
e278,2026-10-03,le aperture dei paragrafi non sono formule fisse (sono quasi sempre uniche),Do paragraphs open with fixed formulas (first-two-word pairs repeated more than in other lines)?,preregistrazioni/e278.md,risultati/e278_formule_apertura.json; risultati/e278_formule_apertura.md,REFUTED,"nessuna formula. Anzi, le aperture si ripetono molto meno delle altre righe.","yes: declared defect — reference group 4.5× larger, comparison not size-matched (e278b suggested)",Exact 0.5% vs 5.5%; with variants 10.8% vs 47.1%. Rerun on new PC byte-identical. | src: QUADERNO l.6076
e279,2026-10-03,"prova leggera di decifrazione: Bacone nelle 12 scelte di riga dell'e206b (esito formalmente positivo, da verificare)",Is there a Bacon-style biliteral channel in the 12 line-level choice classes of e206b (z(L5) > 4)?,preregistrazioni/e279.md; preregistrazioni/e279b.md; preregistrazioni/e279c.md,risultati/e279_bacone_classi.json; risultati/e279_bacone_classi.md; risultati/e279b_verifica_bacone.md,SUPERSEDED,canale baconiano presente.,no,"z 17.5 vs bit-level null; suspicion written before verification. e279c (valid, whole-word null): artifact of repeated words (Voynich z 7.1 vs generator 4.5). e279b invalid. | orig=CONFIRMED; superseded_by=e279c | src: QUADERNO l.6501"
e279b,2026-10-03,verifica non valida per un mio errore nel controllo positivo,Does the e279 Bacon channel hold against a whole-word null (Voynich z>4 and ≥3 above the generator)?,preregistrazioni/e279b.md,risultati/e279b_verifica_bacone.json; risultati/e279b_verifica_bacone.md,NULL/INCONCLUSIVE,non valido (il positivo al 70% non supera z 4).,"yes: positive control built wrongly (message misaligned with 5-bit groups); declared author error, redone as e279c",invalid test (controls failed). Informally Voynich z 6.2 vs generator 4.2 (difference 2.0 < 3). | src: QUADERNO l.6554
e279c,2026-10-03,"il canale ""alla Bacone"" dell'e279 è un artefatto delle parole ripetute","Does the e279 Bacon channel hold against a whole-word null, with correctly aligned positive controls?",preregistrazioni/e279c.md,risultati/e279c_bacone_corretto.json; risultati/e279c_bacone_corretto.md,REFUTED,"artefatto delle parole ripetute. Il test è valido, ma il Voynich supera il generatore di 2,6 (serviva 3).",no,"Positive controls valid (pure z 357.9, 70% z 103.7); Voynich z 7.1 vs generator 4.5. Supersedes e279. | src: QUADERNO l.6592"
e280,2026-10-03,i quattro anelli a 12 settori non nominano le stesse 12 cose,Do the four 12-sector rings name the same 12 things (aligned sector labels similar across rings)?,preregistrazioni/e280.md,risultati/e280_anelli_dodici.json; risultati/e280_anelli_dodici.md,REFUTED,nessun vocabolario comune.,no,Positive control valid (z 14.8); rings z 1.2; negatives z −1.9 to 1.2. | src: QUADERNO l.6533
e281,2026-10-03,Decifrare solo le prime righe dei paragrafi: sospeso prima di avere risultati,Does the solver yield a reading on paragraph first lines alone (beating shuffled first lines and second lines)?,preregistrazioni/e281.md,,NOT_RUN,e281 sospeso prima di avere risultati,no,"Stopped two minutes after start by Davide's decision (priority to the generator); prereg and code committed, no results. | src: QUADERNO l.6455"
e282,2026-10-03,codice per categorie con riempitivi (ibrido di D'Imperio),Does a category code alternating with copied fillers yield a reading?,,,NOT_RUN,"e282, codice per categorie con riempitivi.",no,"Planned decipherment path (3/10), never preregistered or run; the D'Imperio hybrid had been tested earlier as e43. | src: STATO_LAVORI.md l.574 | date from planning document or surrounding notebook entries"
e283,2026-10-03,"la ricerca casuale congiunta sui parametri vecchi non migliora; lezione sull'""effetto vincitore""",Does a joint random search over e241's 13 parameters lower the e266 AUC by ≥0.03 without losing report card or line rule?,preregistrazioni/e283.md,risultati/e283_regolazione_casuale.json; risultati/e283_regolazione_casuale.md,REFUTED,non migliore.,no,"Verification: report cards 45 → 40, e266 AUC 0.961 → 0.948. Winner's-curse lesson from single-seed selection. | src: QUADERNO l.6737"
e284,2026-10-03,"controllo del ""prestito"" nel discriminatore",How much does the AUC drop only because the generator copies from the real page?,,,NOT_RUN,"B, controllo del ""prestito"" (quanto l'AUC scende solo perché si copia dalla pagina vera) → e284, da fare.",no,"Planned ('da fare'), never preregistered or run. | src: STATO_LAVORI.md l.536 | date from planning document or surrounding notebook entries"
e285,2026-10-03,pezzi della parola nel contesto (tabelle e griglie),"Does a word piece (prefix, core, ending) depend on the same piece of the preceding word beyond the copying generator (carrier piece)?",preregistrazioni/e285.md; preregistrazioni/e285b.md,risultati/e285_pezzi_contesto.json; risultati/e285_pezzi_contesto.md; risultati/e285b_finale_non_varianti.md,CONFIRMED,"pezzo portatore candidato, il finale (0,050 contro una soglia di 0,041)",no,"candidate only, no reading; verified by e285b (holds on non-variant pairs); qualified by e285c (transitions look like ending agreement); the e285d check announced at l.6653 has no trace in repo | src: QUADERNO l.6501"
e285b,2026-10-03,la dipendenza fra finali di parole vicine regge anche senza le coppie di varianti,Does the e285 ending dependency hold on non-variant neighbouring word pairs (edit distance >= 2)?,preregistrazioni/e285b.md,risultati/e285b_finale_non_varianti.json; risultati/e285b_finale_non_varianti.md,CONFIRMED,Esito preregistrato: il finale regge come portatore. Nessuna lettura.,no,valid (pure positive 0.255); Voynich 0.041 vs threshold 0.024; qualified by e285c (looks like ending agreement) and e295 (stops at line break) | src: QUADERNO l.6571
e285c,2026-10-03,"fra finali vicini ci sono passaggi sistematici, ma sembrano concordanza di desinenze e prefissi staccati",Is the ending dependency made of systematic transitions between different endings (message-like) beyond plain repetition?,preregistrazioni/e285c.md,risultati/e285c_ripetizione_passaggi.json; risultati/e285c_ripetizione_passaggi.md,CONFIRMED,"Esito preregistrato: passaggi sistematici (compatibile con un messaggio, da verificare oltre).",no,"no reading; top transitions are the -edy family split by the segmenter and detached prefixes (agreement, not message-like); announced e285d verification has no trace in repo | src: QUADERNO l.6639"
e286,2026-10-03,ruote combinatorie negli anelli (Cc),"Are the circular-text rings combinatorial (Lullian) wheels, i.e. consecutive words change one piece far more than copying explains?",preregistrazioni/e286.md,risultati/e286_ruote.json; risultati/e286_ruote.md,REFUTED,"nessuna struttura combinatoria oltre la copia (eccesso 1,6 volte il riferimento, serviva il doppio)",no,valid (positive z 11.4); rings excess 0.023 (z 4.8) vs paragraph reference 0.014; criterion needed twice the reference | src: QUADERNO l.6501
e288,2026-10-03,il generatore arriva a 18/18 su due semi di verifica su tre,"Do the rip/phi/sigma corrections improve the e241 generator on verification seeds 7-9 (>= +3 scorecard points, AUC not worse)?",preregistrazioni/e288.md; preregistrazioni/e291.md,risultati/e288_materie_mancanti.json; risultati/e288_materie_mancanti.md; risultati/e291_tema_variato.md; risultati/e292_coppie_ripetute.md,CONFIRMED,"Esito preregistrato: migliore (non ""18/18"" per il seme 8).",no,'migliore' tier passed; '18/18' tier not reached (seed 8: 17/18); became the reference body for voynichizzatore v2 | src: QUADERNO l.6719
e289,2026-10-03,"Regolazione congiunta, secondo giro: i quattro meccanismi della v2 (e289 fermato)",Does a second joint-tuning round of the four v2 mechanisms beat the e253 centre (e266 AUC -0.02)?,preregistrazioni/e289.md,,NOT_RUN,"e289 fermato dopo l'avvio, senza risultati: era centrato sulla scelta dell'e253, peggiore dell'e288.",no,"stopped after start, no results file; prereg amended (two search seeds) before running | src: QUADERNO l.6808"
e291,2026-10-03,il tema variato non migliora l'e288,Does the varied theme (tau) on top of e288 lower the e266 AUC by >= 0.02 without losing scorecard points?,preregistrazioni/e291.md,risultati/e291_tema_variato.json; risultati/e291_tema_variato.md,REFUTED,Esito preregistrato: non migliore.,no,"search picked tau 0 (no varied theme); verification scorecard 53->50, AUC 0.833/0.933 -> 0.841/0.939 | src: QUADERNO l.6894"
e292,2026-10-03,le coppie ripetute (ω) non migliorano l'e288 sui semi di verifica,"Do repeated word pairs (omega, already-seen successor) on top of e288 lower the e266 AUC by >= 0.02 without losing scorecard?",preregistrazioni/e292.md,risultati/e292_coppie_ripetute.json; risultati/e292_coppie_ripetute.md,REFUTED,Esito preregistrato: non migliore.,no,search-seed +2 scorecard was noise (winner effect); verification scorecard 53->47 | src: QUADERNO l.6938
e293,2026-10-03,"banco di prova e pagella estesa; la v3 migliora la v2, ma le 8 materie aggiunte mancano tutte",How do v2 and v3 score on the fixed test bench with the extended 26-item scorecard (does v3 improve v2)?,preregistrazioni/e293.md,risultati/e293_banco.json; risultati/e293_banco.md; risultati/e293_banco_v10.json; risultati/e293_banco_v10.md; risultati/e293_banco_v11.json; risultati/e293_banco_v11.md; risultati/e293_banco_v12.json; risultati/e293_banco_v12.md; risultati/e293_banco_v3_v4_v5.json; risultati/e293_banco_v3_v4_v5.md; risultati/e293_banco_v6.json; risultati/e293_banco_v6.md; risultati/e293_banco_v8.json; risultati/e293_banco_v8.md; risultati/e293_banco_v8_v9.json; risultati/e293_banco_v8_v9.md,DESCRIPTIVE,"Esito: la v3 migliora la v2 (AUC dell'e266 −0,011, pagella estesa uguale).",no,"prereg criteria labelled descriptive (bench for future versions); bench rule: v3 improves v2; bench rerun for v4-v12 (l.7008, 7079, 8188, 8630, 9152, 9517, 10412). CHECK: could be read as CONFIRMED | src: QUADERNO l.6831"
e294,2026-10-03,"il profilo dei bordi del Voynich ha la forma di una lingua con concordanza, non la forza","Do natural-language texts show the Voynich edge profile (edges linked, cores not) at least as strongly (>= 3 texts)?",preregistrazioni/e294.md,risultati/e294_bordi_lingue.json; risultati/e294_bordi_lingue.md,CONFIRMED,Esito preregistrato: profilo da lingua.,no,"14 natural texts >= Voynich (agglutinative languages, Latin technical lists); but strength 3-10x weaker in Voynich than in any language | src: QUADERNO l.6792"
e295,2026-10-03,"la concordanza delle desinenze si ferma all'a capo (abitudine di riga, non grammatica)","Does the ending agreement between neighbouring words cross the line break, as in a language?",preregistrazioni/e295.md,risultati/e295_a_capo.json; risultati/e295_a_capo.md,REFUTED,Esito preregistrato: si ferma all'a capo (abitudine di riga).,no,"valid (Latin r 0.68); Voynich r 0.14, z 0.7 | src: QUADERNO l.6819"
e296,2026-10-03,"le parole rare del Voynich sono in gran parte varianti di parole frequenti, sparse come errori",Are Voynich rare words mostly scattered errors (one-edit variants of frequent words with low page confinement R)?,preregistrazioni/e296.md,risultati/e296_rare_errori.json; risultati/e296_rare_errori.md,CONFIRMED,Esito preregistrato: errori sparsi sostenuti.,no,Voynich R of variants 0.57 vs generator mean 36.6; 65.6% of rare words are variants | src: QUADERNO l.6771
e297,2026-10-03,gli errori sparsi da soli non spargono le parole rare del generatore,Do scattered errors added to the e288 generator halve the rare-word page confinement R without losing scorecard?,preregistrazioni/e297.md,risultati/e297_errori_sparsi.json; risultati/e297_errori_sparsi.md,REFUTED,"R delle parole rare 52,5 → 50,2 al massimo (Voynich 1,96); scelta p 0,04: pagella 53 → 51, AUC 0,833 / 0,933 → 0,835 / 0,937. Esito preregistrato: non utili.",no,new errors become hapaxes; generator rare words stay confined to their page | src: QUADERNO l.6883
e298,2026-10-03,le famiglie di parole nella pagina non distinguono,"How are word families (one-edit components) structured within pages, Voynich vs e288 generator?",preregistrazioni/e298.md,risultati/e298_famiglie_fine_riga.json; risultati/e298_famiglie_fine_riga.md,DESCRIPTIVE,Nessuna misura diversa. La maggiore varietà del Voynich nella pagina non viene da una diversa struttura per famiglie,no,prereg labelled descriptive; shared code with e299 | src: QUADERNO l.6850
e299,2026-10-03,la fine riga dipende appena dalla lunghezza,Do line-final m/g signs depend on line length (line justification)?,preregistrazioni/e298.md,risultati/e298_famiglie_fine_riga.md,NULL/INCONCLUSIVE,Esito: incerto. Un indizio debole di uso dei finali di riga per chiudere righe lunghe; non una prova di giustificazione.,no,Voynich z 2.0 (needed > 3); shared prereg e298 | src: QUADERNO l.6850
e300,2026-10-03,le pagine consecutive si somigliano,Are consecutive pages in binding order more similar than random pages of the same section (binding close to writing order)?,preregistrazioni/e300.md,risultati/e300_ordine_scribi.json; risultati/e300_ordine_scribi.md,CONFIRMED,Esito preregistrato: ordine di rilegatura vicino a quello di scrittura.,no,"z 8.5, positive z 23.1; qualified by e300b (z 5.7 within language). CHECK: possibly superseded by e308 (l.7246: consecutive similarity is mostly recto/verso of same leaf; binding maybe not in writing order) | src: QUADERNO l.6860"
e300b,2026-10-03,l'ordine delle pagine resta anche dentro la stessa lingua,Does the consecutive-page similarity of e300 persist within section x Currier-language strata?,preregistrazioni/e300b.md,risultati/e300b_ordine_lingua.json; risultati/e300b_ordine_lingua.md,CONFIRMED,Esito preregistrato: traccia d'ordine oltre la lingua.,no,z 5.7. CHECK: possibly superseded by e308 (l.7246 explains e300's consecutive-page similarity mainly by recto/verso of the same leaf) | src: QUADERNO l.6873
e301,2026-10-03,"le mani 2 e 3 si distinguono, ma forse per la sezione",Are Davis's scribes 2 and 3 distinguishable by fine writing habits?,preregistrazioni/e300.md,risultati/e300_ordine_scribi.md,MIXED,"Accuratezza 0,770 contro 0,507, z 3,4: esito preregistrato ""mani distinguibili"".",no,overall z 3.4 (yes) but preregistered within-section check: herbal (only shared section) z 1.1; author: more likely section than hand. CHECK: preregistered label is positive | src: QUADERNO l.6860
e302,2026-10-03,registro delle prime righe,"Which features distinguish paragraph-first lines, and which of them does the v5 generator miss?",preregistrazioni/e302.md,risultati/e302_cinque_misure.json; risultati/e302_cinque_misure.md,DESCRIPTIVE,"Il generatore (v5) manca 11 di queste 16 differenze: le prime righe sono un registro intero (parole più lunghe, sh invece di ch, -y invece di -aiin), non solo i gallows p/f.",no,"group e302-e306, shared prereg; outcome is a list of features | src: QUADERNO l.7093"
e303,2026-10-03,somiglianza fra righe e distanza,"How does line-to-line similarity decay with distance, Voynich vs v5 generator?",preregistrazioni/e302.md,risultati/e302_cinque_misure.md,DESCRIPTIVE,"Voynich: dentro la riga 0,965 (le parole della stessa riga si somigliano un po' meno di quelle della riga sotto), poi 0,91 a 2 righe, 0,82 a 8, 0,91 a 12–16: non scende mai sotto metà.",no,"group e302-e306, shared prereg; generator within-line 1.30 (line built by copying, wrong assumption) | src: QUADERNO l.7093"
e304,2026-10-03,errori ricorrenti,Do rare variants of frequent words recur on pages closer together than chance?,preregistrazioni/e302.md,risultati/e302_cinque_misure.md,CONFIRMED,Esito preregistrato: errori ricorrenti vicini.,no,"group e302-e306, shared prereg; 56.1 vs 61.4 pages, z -5.4; generator z -0.2..+2.0 | src: QUADERNO l.7093"
e305,2026-10-03,coppie identiche,Which properties of identical adjacent word pairs does the v5 generator miss?,preregistrazioni/e302.md,risultati/e302_cinque_misure.md,DESCRIPTIVE,"Voynich 0,94% delle coppie vicine (generatore 1,8%); in fine riga l'8% (generatore 15%).",no,"group e302-e306, shared prereg; Voynich repeats long words, generator short ones | src: QUADERNO l.7093"
e306,2026-10-03,lunghezze per posizione,Which word-length-by-line-position properties does the v5 generator miss?,preregistrazioni/e302.md,risultati/e302_cinque_misure.md,DESCRIPTIVE,"Il generatore è più corto ovunque: parole di 1 segno 4,6% (Voynich 3,3%), di 2 segni 11,3% (8,4%), di 6 segni 13,8% (15,6%)",no,"group e302-e306, shared prereg | src: QUADERNO l.7093"
e307,2026-10-03,"ogni pagina ha un'identità forte, lungo un solo asse (-edy contro -aiin), condivisa con la pagina accanto",Do Voynich pages have an identity beyond section and Currier language?,preregistrazioni/e307.md,risultati/e307_identita_pagine.json; risultati/e307_identita_pagine.md,CONFIRMED,Esito preregistrato: pagine con identità.,no,"valid; A z 70/28/57; C temporal + quire; D page types (weak, z 3.2). CHECK: possibly superseded by e315 (l.7384 'Correzione della mia lettura dell'e307': axis is not the A/B axis); prereg outcomes unaffected | src: QUADERNO l.7166"
e308,2026-10-03,"l'unità di scrittura è il bifoglio, non la pagina che segue","Does page identity follow a physical unit of the book (same leaf, bifolio, opening)?",preregistrazioni/e308.md,risultati/e308_libro_fisico.json; risultati/e308_libro_fisico.md,CONFIRMED,"Esito preregistrato: unità fisiche = stesso foglio, bifoglio (tutte e due le facce), pannelli; non l'apertura.",no,"same leaf z 11.5, bifolio z 8.1/7.9, panels 3.8; opening z 2.4 (not a unit); leaf vs opening z 6.2; confirmed by e350 (bifolio = writing session) | src: QUADERNO l.7213"
e309,2026-10-03,l'asse -edy/-aiin,"Is the -edy/-aiin axis a continuum (not two modes), with page-pair (not slow-drift) structure along the book?",preregistrazioni/e308.md,risultati/e308_libro_fisico.md,CONFIRMED,"Esito: continuo. Autocorrelazione nell'ordine del libro, dentro lo strato: passo 1 0,336 (z 4,7), passo 2 0,151 (2,1), passo 3 0,06, passo 5 0,06, passo 10 −0,11. Esito: coppie di pagine",no,two sub-outcomes: 'continuo' (BIC prefers 1 component) and 'coppie di pagine'. CHECK: three-way criteria with no stated hypothesis; claim direction taken from the e307 reading | src: QUADERNO l.7213
e310,2026-10-03,"le parole d'inizio paragrafo sono quasi tutte ""gallows + parola""",Are paragraph-initial unique words a mechanical gallows prefix added to known words?,preregistrazioni/e310.md,risultati/e310_inizi_etichette.json; risultati/e310_inizi_etichette.md,CONFIRMED,"Fra le uniche, ""gallows + parola nota"" vale 33,4% contro 4,4% delle parole in mezzo a pari lunghezza, z 26,8. Esito preregistrato: prefisso meccanico.",no,control corrected in prereg before execution; caution: among unique gallows words the rest is known as often as elsewhere (38% vs 44%); 65% stay new without the first sign | src: QUADERNO l.7254
e311,2026-10-03,le etichette non tornano nel testo,Do label words recur in the text of their own page more than on other pages of the same section?,preregistrazioni/e310.md,risultati/e310_inizi_etichette.md,NULL/INCONCLUSIVE,Esito preregistrato: incerto. Le etichette non ricompaiono nel testo della propria pagina più che in quello di un'altra pagina della stessa sezione.,no,"exact z 1.1, one-edit z 2.3; positive control z 4.4, limited power (35 pages) | src: QUADERNO l.7254"
e312,2026-10-03,l'ordine dalle somiglianze,Can the book order be recovered from page-profile similarities (spectral ordering)?,preregistrazioni/e308.md,risultati/e308_libro_fisico.md,REFUTED,"in nessuno strato l'ordinamento spettrale ritrova l'ordine del libro (z da −0,2 a 1,6; complessivo 1,6). Esito: no.",no,"9 pages listed as unlike their neighbours, not declared moved; e318 finds they are not on irregular leaves but leaves with differing faces | src: QUADERNO l.7213"
e313,2026-10-03,l'ultima riga del paragrafo ha un registro suo; le righe non sono regolate sul margine,"Does the last paragraph line have its own register, and are lines adjusted to the right margin?",preregistrazioni/e313.md,risultati/e313_fine_paragrafo.json; risultati/e313_fine_paragrafo.md,MIXED,l'ultima riga del paragrafo ha un registro suo; le righe non sono regolate sul margine,no,"A: 'registro dell'ultima riga' (6 features) yes; B: 'righe meno regolate di un normale a capo' (z 4.95), i.e. not margin-adjusted; part B redesigned in prereg before execution | src: QUADERNO l.7282"
e314,2026-10-03,lo stato è di fascicolo e di bifoglio,"Does the bifolio carry a state on the -edy/-aiin axis, and does the hand follow the bifolio state order?",preregistrazioni/e314.md,risultati/e314_bifogli.json; risultati/e314_bifogli.md,MIXED,Esito preregistrato: stato di bifoglio; spiegano qualcosa anche la mano e il fascicolo.,no,"(a) bifolio z 6.6 (quire 8.5, hand 5.2) yes; (c) 'la mano segue lo stato: in nessuna sezione'. Non-prereg note: axis is mostly a quire state. CHECK: main sub-question (a) confirmed | src: QUADERNO l.7348"
e315,2026-10-03,"A e B differiscono nel lessico, non sull'asse","Do Currier A and B differ beyond the -edy/-aiin axis (herbal, AUC >= 0.85 without axis features)?",preregistrazioni/e314.md,risultati/e314_bifogli.md,CONFIRMED,Esito preregistrato: A e B differiscono oltre l'asse.,no,(iii) corrected in prereg before execution; AUC 0.997 without axis features and -y/-n words; axis alone 0.331; this entry corrects the e307 reading | src: QUADERNO l.7348
e316,2026-10-03,"il paragrafo comincia con p, il gallows è meno legato alla parola del solito","Is the paragraph-initial gallows tied to the following word, chosen per page/bifolio, and do p/f mark the first paragraph?",preregistrazioni/e316.md,risultati/e316_paragrafo.json; risultati/e316_paragrafo.md,MIXED,Esito preregistrato: il gallows segue la parola. Ma il legame è tre volte più debole che nelle parole normali,no,"(a) gallows follows word yes (z 8.5, 3x weaker than mid-line); (b) 'né per pagina né per bifoglio'; (c) p/f do not mark first paragraph ('no') | src: QUADERNO l.7398"
e317,2026-10-03,l'arco del paragrafo è debole,Do line features change gradually along the paragraph (>= 3 features with |z| > 3)?,preregistrazioni/e316.md,risultati/e316_paragrafo.md,NULL/INCONCLUSIVE,"pendenza dalla seconda alla penultima riga: numero di parole −0,089 (z −8,2), finale y −0,064 (z −3,8); le altre sotto 3. Esito preregistrato: debole.",no,"intermediate category 'debole' (2 features, 3 needed). CHECK: could be MIXED | src: QUADERNO l.7398"
e318,2026-10-03,Fogli irregolari e fogli con le due facce diverse,"Are e312's candidate pages on irregular leaves, and do leaves with differing faces coincide with a hand/language/section change?",preregistrazioni/e314.md,risultati/e314_bifogli.md,REFUTED,"e318 (a), le 9 pagine candidate dell'e312: con almeno un'irregolarità fisica il 22%, contro il 51% delle altre pagine (p 0,98). Esito: no.",no,"(a) no; (b) no, low power (only 3 leaves with a change, z 0.2); shared prereg e314 | src: QUADERNO l.7348"
e319,2026-10-03,nessun ordine di annidamento,Does the state change in order from the outer to the inner bifolio of a quire?,preregistrazioni/e319.md,risultati/e319_fascicoli.json; risultati/e319_fascicoli.md,REFUTED,Esito preregistrato: nessun ordine di annidamento.,no,"(a) z -0.9; (b) z 1.9, just below threshold (author flags it for future power) | src: QUADERNO l.7420"
e320,2026-10-03,la prima parola non annuncia il paragrafo,Does the paragraph's first word (without gallows) announce the paragraph like a title word?,preregistrazioni/e320.md,risultati/e320_parole.json; risultati/e320_parole.md,REFUTED,"Differenza dei R +0,01, z 0,1. Esito preregistrato: no. La prima parola, tolto il gallows, non ricompare nel paragrafo più di qualsiasi altra parola della prima riga",yes: secondary one-edit measure found invalid after running (author's error); decision uses the exact measure as preregistered,src: QUADERNO l.7445
e321,2026-10-03,"A e B hanno parole tipiche lontane fra loro, con una zona di passaggio","Are typical B words variants of typical A words, and is the A-to-B transition gradual (mixed pages)?",preregistrazioni/e320.md,risultati/e320_parole.md,MIXED,"A e B hanno parole tipiche lontane fra loro, con una zona di passaggio","yes: (a) result in a direction the criterion did not foresee (z +8.2), labelled 'incerto' by judgement","(a) 'incerto': B words farther from A words than chance (two families, not variants); (b) 'passaggio graduale' (39%; threshold counts many pure A pages). CHECK: (a) label incerto | src: QUADERNO l.7445"
e322,2026-10-03,le righe si accorciano scendendo nella pagina,Is the line shortening along paragraphs a layout effect (herbal) rather than a scribal habit (stars section)?,preregistrazioni/e320.md,risultati/e320_parole.md,CONFIRMED,"Esito preregistrato: effetto dell'impaginazione (forte nell'erbario, non sotto −2 nelle stelle, misurata in parole).",no,caution: stars slope z -3.1 in signs; lines shorten down the page in all sections. CHECK: binary habit-vs-layout question; claim taken as layout | src: QUADERNO l.7445
e323,2026-10-03,nei fogli con le facce diverse una faccia sola esce dal bifoglio (incerto),"In leaves with differing faces, does only one face fall outside its bifolio?",preregistrazioni/e319.md,risultati/e319_fascicoli.md,NULL/INCONCLUSIVE,"correlazione recto/verso contro asimmetria rispetto al foglio coniugato, Spearman −0,242, z −2,0. Esito preregistrato: incerto.",no,shared prereg e319; 4 of the 5 most different leaves have one face like the conjugate leaf and one not | src: QUADERNO l.7420
e324,2026-10-03,nelle pagine di passaggio A e B si mescolano nella riga (incerto),"In A/B transition pages, do A and B alternate by lines rather than mix within lines?",preregistrazioni/e324.md,risultati/e324_lingue_pagine.json; risultati/e324_lingue_pagine.md,NULL/INCONCLUSIVE,Esito preregistrato: incerto (fra 2 e 3). Nelle pagine di passaggio le righe sono appena più omogenee del caso,no,"z 2.2; positive control z 20.3; mixed-page threshold chosen after seeing e321 histogram, declared in prereg before running | src: QUADERNO l.7496"
e325,2026-10-03,Currier confermato,Does a lexical classifier confirm Currier's A/B labels (>= 95% agreement in the herbal)?,preregistrazioni/e324.md,risultati/e324_lingue_pagine.md,CONFIRMED,"accordo con Currier fra le previsioni sicure: erbario 107 su 107, B 17/17, P 14/14, T 6/6, C 2/2, S 18/19. Esito preregistrato: etichette confermate.",no,"only disagreement f58v (S section, labelled A, P(B) 0.81) | src: QUADERNO l.7496"
e326,2026-10-03,metà alta e metà bassa della pagina differiscono,"Does the state (-edy/-aiin axis, sign distribution) change within the page (top vs bottom half)?",preregistrazioni/e324.md,risultati/e324_lingue_pagine.md,CONFIRMED,Esito preregistrato: lo stato cambia dentro la pagina.,no,z 7.3 and 10.3; caution on first lines/line shortening checked by e327 (holds) | src: QUADERNO l.7496
e327,2026-10-03,"lo stato cambia davvero dentro la pagina, da un paragrafo all'altro",Does the within-page state change of e326 persist without paragraph first/last lines and with a line-type-matched null?,preregistrazioni/e327.md,risultati/e327_stato_pagina.json; risultati/e327_stato_pagina.md,CONFIRMED,Esito preregistrato: lo stato cambia davvero dentro la pagina; cambio fra paragrafi.,no,versions 1-3 all z > 3; cannot separate scribe state from paragraph topic | src: QUADERNO l.7528
e328,2026-10-03,"la variazione sta a tutti i livelli, soprattutto nel fascicolo","At which nesting level (quire, bifolio, page, paragraph, line) does line-level variation lie?",preregistrazioni/e328.md,risultati/e328_livelli.json; risultati/e328_livelli.md,DESCRIPTIVE,"Esito: il livello con l'eccesso maggiore è sempre il fascicolo, che qui comprende anche sezione e lingua",no,prereg: descriptive table; about half of the variance stays between lines | src: QUADERNO l.7546
e329,2026-10-03,i paragrafi cambiano sia argomento sia abitudine,Do the first and last paragraphs of a page differ in normalized lexicon (topic) and/or in spelling habit?,preregistrazioni/e328.md,risultati/e328_livelli.md,CONFIRMED,Esito preregistrato: argomento e abitudine.,no,"lexicon z 6.7, spelling z 6.8; qualified by e334: lexical differences are local continuity, not recurring topics | src: QUADERNO l.7546"
e330,2026-10-03,continuità girando il foglio incerta,Did the scribe write continuously when turning the leaf (recto end closer to verso start)?,preregistrazioni/e328.md,risultati/e328_livelli.md,NULL/INCONCLUSIVE,"fogli, ultimo paragrafo del recto e primo del verso più vicini dei due lontani: asse +1,27 (z 2,5), segni +0,016 (z 2,8). Esito: incerto.",no,"openings: no (z 0.9, 0.0); qualified by e331 (incerto) and e341 (no) on the same leaves | src: QUADERNO l.7546"
e331,2026-10-03,girando il foglio ancora incerto,"Was the text written continuously across the leaf turn (recto to verso), by sign-distribution distance?",preregistrazioni/e331.md,risultati/e331_tempo.json; risultati/e331_tempo.md,NULL/INCONCLUSIVE,"Esito preregistrato: incerto. Con l'e330 è la seconda volta che i fogli danno z intorno a 2 nella direzione della continuità, e le aperture intorno a 0.",no,"Leaves z 2.2 (needs >3), openings z -0.8. Group e331-e333, shared prereg. qualified by e341 ('no' with another measure on the same leaves) and e358. | src: QUADERNO l.7655"
e332,2026-10-03,gli argomenti non sono locali,Do the LDA topics of herbal-A paragraphs recur far apart in the book (rather than being local)?,preregistrazioni/e331.md,risultati/e331_tempo.md,SUPERSEDED,Esito preregistrato: argomenti che tornano lontano.,no,"z -0.6; each topic dominant in 6-8 quires. e334: 'I gruppi dell'e332 non sono argomenti reali' (LDA groups no sharper than on shuffled paragraphs). CHECK: e332's distance measure itself not retracted, only the topic reading. | orig=CONFIRMED; superseded_by=e334 | src: QUADERNO l.7655"
e333,2026-10-03,-ey cresce scendendo nella pagina,Does any spelling choice change consistently in one direction from the top to the bottom of the page?,preregistrazioni/e331.md,risultati/e331_tempo.md,CONFIRMED,Esito preregistrato: direzione costante per -dy/-ey.,no,"Only -dy/-ey passes (z 3.2); -l/-r z -2.7, k/t z -2.3 below threshold. qualified by e335: a position-in-page effect, not a clock of writing time. | src: QUADERNO l.7655"
e334,2026-10-03,niente argomenti netti,Are the herbal-A paragraph topics real (sharper groups than LDA on shuffled paragraphs)?,preregistrazioni/e334.md,risultati/e334_orologio.json; risultati/e334_orologio.md,REFUTED,Esito preregistrato: rumore.,no,"Concentration 0.789 vs 0.822 on shuffled paragraphs, z -2.3. Group e334-e336, shared prereg. Undercuts the topic reading of e332. | src: QUADERNO l.7694"
e335,2026-10-03,-ey non è un orologio ma un effetto di posizione nella pagina,Does the -ey share work as a clock (verso higher than recto; following leaf higher than the previous)?,preregistrazioni/e334.md,risultati/e334_orologio.md,REFUTED,Esito preregistrato: la crescita è solo di posizione nella pagina; per le aperture no.,no,"Verso minus recto z 0.2 (78 leaves); openings z 0.0. Group e334-e336, shared prereg. | src: QUADERNO l.7694"
e336,2026-10-03,La crescita di -ey sta dentro il paragrafo o fra i paragrafi?,Does the -ey share drift within paragraphs or between consecutive paragraphs?,preregistrazioni/e334.md,risultati/e334_orologio.md,NULL/INCONCLUSIVE,Esito preregistrato: incerto.,no,"Within paragraph z 2.6, between paragraphs z 1.6; -l/-r and k/t |z|<2. No own fragment in the shared heading; title from prereg. Group e334-e336. | src: QUADERNO l.7694"
e337,2026-10-03,la posizione nella riga governa le scelte di grafia,"How much does each spelling choice depend on position in line, line type, page height, paragraph and leaf side?",preregistrazioni/e337.md,risultati/e337_posizione.json; risultati/e337_posizione.md,DESCRIPTIVE,"Esito: il fattore più forte, per tutte e cinque le scelte, è la posizione della parola nella riga; poi il tipo di riga e l'altezza nella pagina.",no,"Prereg: descriptive table (factors with Bonferroni p<0.001). Paragraph and leaf side never matter. Group e337-e339, shared prereg. | src: QUADERNO l.7784"
e338,2026-10-03,le previsioni dell'autocitazione reggono (con due cautele),Do the Voynich data support both predictions of Timm & Schinner's self-citation (nearby source; same column)?,preregistrazioni/e337.md,risultati/e337_posizione.md,CONFIRMED,"Esito preregistrato: valido; autocitazione sostenuta per tutte e due le previsioni (E1 del Voynich 1,62 volte quello del generatore, E2 0,99 volte).",no,"E1 z 16.6, E2 z 8.7; generator valid. CHECK: possibly superseded by e340/e345 for E2 (same column): mostly from line edges, 'non una copia in colonna'; E1 holds within paragraph (e340). | src: QUADERNO l.7784"
e339,2026-10-03,le etichette dello zodiaco non sono giorni,Are the zodiac labels a sequence of days (same position = similar label across months)?,preregistrazioni/e337.md,risultati/e337_posizione.md,REFUTED,Esito preregistrato: no. Le etichette non sono una sequenza di giorni ripetuta mese per mese.,no,"Same position +0.001, z 0.4 (12 pages, 294 labels); 76% of zodiac labels start with o. Group e337-e339. | src: QUADERNO l.7784"
e340,2026-10-03,"la ripresa dalle righe subito sopra regge anche dentro il paragrafo; la ""stessa colonna"" no",Is there true copying from the lines above beyond paragraph lexicon (E1p) and line-edge forms (E2m)?,preregistrazioni/e340.md,risultati/e340_autocitazione.json; risultati/e340_autocitazione.md,MIXED,Esito preregistrato: valido; parziale (regge E1p).,no,"Control of e338. E1p z 17.4 (holds, ~2x the generator); E2m z 2.7 (fails, needed >3). Generator valid on both. | src: QUADERNO l.7913"
e341,2026-10-03,girando il foglio no,"Was the text written continuously across the leaf turn, measured by word re-use between page-end/start blocks?",preregistrazioni/e341.md,risultati/e341_fonti.json; risultati/e341_fonti.md,REFUTED,"Esito preregistrato: no. È la terza misura (e330, e331, e341) che sui fogli dà z fra 1,8 e 2,8 nella stessa direzione, ma nessuna supera la soglia, e le tre usano gli stessi fogli.",no,"Leaves z 1.8 (label 'no' if z<2), openings z -0.7. Group e341, e344, e345, shared prereg. | src: QUADERNO l.7978"
e342,2026-10-03,le modifiche della ripresa sono quelle del lessico,Does the scribe prefer or avoid specific edit types when re-using words from the lines above?,preregistrazioni/e342.md,risultati/e342_copie.json; risultati/e342_copie.md,REFUTED,Esito preregistrato: nessuna modifica preferita o evitata.,no,"Prereg outcome is a thresholded list (ratio >1.5/<0.67 and |z|>3); list empty, ratios 0.78-1.41. Same in the T&S generator. Group e342-e343. | src: QUADERNO l.8012"
e343,2026-10-03,le catene di ripresa sono lunghe e si fermano al paragrafo,"Are copy chains longer than chance, and is the paragraph a boundary for re-use?",preregistrazioni/e342.md,risultati/e342_copie.md,CONFIRMED,le catene di ripresa sono lunghe e si fermano al paragrafo,no,(a) 'catene più lunghe del caso' z 6.2; (b) 'il paragrafo è un confine per la ripresa' (diff z -14.9). Post-hoc caution on registers. qualified by e3b28 (confirms with another method). | src: QUADERNO l.8012
e344,2026-10-03,il paragrafo riparte da capo,Do paragraph-initial words re-use words from the two lines above?,preregistrazioni/e341.md,risultati/e341_fonti.md,REFUTED,Esito preregistrato: parole nuove anche rispetto alle righe sopra.,no,"Paragraph-initial words z 0.9 (core without gallows z 0.1); other line-initial words z 4.6. Group e341, e344, e345. | src: QUADERNO l.7978"
e345,2026-10-03,nessuna colonna dei bordi,Do the first/last words of a line copy the first/last word of the line above (edge columns)?,preregistrazioni/e341.md,risultati/e341_fonti.md,REFUTED,Esito preregistrato: nessuna colonna dei bordi.,no,"First word z -2.2, last word z 2.5 (needs >3). Reinterprets e338's E2 as a diffuse edge effect. Group e341, e344, e345. | src: QUADERNO l.7978"
e346,2026-10-03,"la ripresa del Voynich sta fra il gibberish umano e i testi sensati, ma il confronto con i testi sensati è falsato",Does the Voynich re-use words from the lines above like human gibberish (rather than like meaningful texts)?,preregistrazioni/e346.md,risultati/e346_gibberish.json; risultati/e346_gibberish.md,SUPERSEDED,Esito preregistrato: fuori da tutti e due (in mezzo): sopra l'intervallo del gibberish e sotto quello dei testi sensati.,"yes: first run stopped for slowness, code optimized (same method); 'in between' outcome not among prereg labels; unequal units and split-word texts declared after running","e382 'Correzione dell'e346': 'L'e346 era falsato' (whole books vs pages). Orig: Voynich E 0.034 above gibberish, below meaningful texts. CHECK: multi-way prereg outcome, classified on the 'like gibberish' claim. | orig=REFUTED; superseded_by=e382 | src: QUADERNO l.8916"
e347,2026-10-03,lo scriba guarda indietro 1–2 righe,How many lines back does the scribe re-use words from (Voynich vs Timm & Schinner generator)?,preregistrazioni/e347.md,risultati/e347_ripresa.json; risultati/e347_ripresa.md,DESCRIPTIVE,Esito preregistrato (ultima distanza con z > 3): Voynich 2 righe (esatte e modificate); Timm e Schinner 4–6 righe.,no,"Prereg outcome is an estimate (largest distance with z>3), no pass/fail. Group e347-e349, shared prereg. | src: QUADERNO l.8216"
e348,2026-10-03,le parole uniche non nascono dalla ripresa,Do hapax words arise from modified copying of the lines above?,preregistrazioni/e347.md,risultati/e347_ripresa.md,REFUTED,"Eccesso di fonte modificata nelle 2 righe sopra: uniche +0,018, altre della stessa lunghezza +0,062; differenza z −9,5. Esito preregistrato: no.",no,"3,099 hapax; their sources are rarer (median 43 vs 136). Group e347-e349. | src: QUADERNO l.8216"
e349,2026-10-03,l'erbario B riprende più dell'erbario A,Does re-use from the lines above differ from the overall mean in some section-language or hand group?,preregistrazioni/e347.md,risultati/e347_ripresa.md,CONFIRMED,Esito preregistrato: gruppi diversi dalla media: erbario A (meno ripresa) ed erbario B (più ripresa). La mano non conta.,no,"Prereg: list of deviating groups, 'ripresa uniforme' if none. Herbal A +0.025, herbal B +0.055 vs overall +0.036; no hand deviates. Group e347-e349. | src: QUADERNO l.8216"
e350,2026-10-03,il bifoglio è una sessione di scrittura (parole rare e ripresa),Is the bifolio a writing session (its pages share rare words and re-use more than chance)?,preregistrazioni/e350.md,risultati/e350_sessioni.json; risultati/e350_sessioni.md,CONFIRMED,"Esito preregistrato: il bifoglio è una sessione, per le parole rare e per la ripresa.",no,"Same bifolio, different leaves: rare words z 3.2, re-use z 13.3; facing pages of different bifolios ~0. | src: QUADERNO l.8070"
e351,2026-10-03,"fascicoli non più coesi del caso (poca potenza); un bifoglio ""B"" in un fascicolo ""A""",Are quires more cohesive in word re-use than chance (bifolios closer to their own quire)?,preregistrazioni/e351.md,risultati/e351_bifogli.json; risultati/e351_bifogli.md,REFUTED,Esito preregistrato: no (con poca potenza: 30 bifogli).,no,"z 1.7. CHECK: label 'no' but low power stressed (30 herbal bifolios). One bifolio (D-2, f26/f31, language B) closer to quire H. Group e351-e352. | src: QUADERNO l.8093"
e352,2026-10-03,etichette senza legame con la sessione,Do label words belong to their writing session (matching the text of the same page or bifolio)?,preregistrazioni/e351.md,risultati/e351_bifogli.md,REFUTED,Esito preregistrato: no per tutte e due. Le etichette non si legano al testo né della loro pagina né della loro sessione (con l'e311).,no,"Same page z 1.1, same bifolio z 0.6 (35 pages, 770 label words). Group e351-e352. | src: QUADERNO l.8093"
e353,2026-10-03,la ripresa dalle righe sopra nei generatori pubblicati; un cifrario di testo vero non ce l'ha,Does any published generator or cipher reproduce the Voynich's re-use from the lines above?,preregistrazioni/e353.md,risultati/e353_generatori.json; risultati/e353_generatori.md,CONFIRMED,Esito preregistrato: la riproducono U2 e U3.,no,"U2 above, U3 equal to the Voynich; Naibbe (real text enciphered) and Timm & Schinner below. U2/U3 lack line properties (e134). | src: QUADERNO l.8148"
e354,2026-10-03,"la direzione della ripresa non si vede, ma la misura ha poca potenza",Does re-use go top-down (the upper word of a one-edit pair being the more frequent form)?,preregistrazioni/e354.md,risultati/e354_direzione.json; risultati/e354_direzione.md,REFUTED,"la direzione della ripresa non si vede, ma la misura ha poca potenza","yes: validity criterion on the positive control added after the result, as a reading",Literal prereg label 'senza direzione' (Voynich z 0.5). After the result the author judged the T&S positive control too weak (z 1.8-2.4) and reads low power -> would be NULL/INCONCLUSIVE. CHECK. | src: QUADERNO l.8171 | reviewed in the final cross-batch review
e355,2026-10-03,"gli ""errori"" restano sul foglio; le sessioni differiscono in inventiva","Do rare variants stay within their writing session, and do sessions differ in inventiveness?",preregistrazioni/e355.md,risultati/e355_sessioni_errori.json; risultati/e355_sessioni_errori.md,MIXED,"gli ""errori"" restano sul foglio; le sessioni differiscono in inventiva",no,"(a) 'incerto' (same bifolio z 2.9, same leaf z 5.1); (b) 'sessioni più o meno inventive' (z 13.7), no link with re-use (z -1.1). | src: QUADERNO l.8247"
e356,2026-10-03,ogni bifoglio ha una sola lingua e quasi sempre una sola mano; la copia eredita solo -dy/-ey,"Are language and hand homogeneous within a bifolio, and does copying inherit the spelling choices?",preregistrazioni/e356.md,risultati/e356_eredita.json; risultati/e356_eredita.md,MIXED,ogni bifoglio ha una sola lingua e quasi sempre una sola mano; la copia eredita solo -dy/-ey,yes: part (c) intermediate case (1 of 5 choices) not defined in prereg; labelled 'in parte',"(a) 'lingua di sessione; mano di sessione' (z 11.8, 13.9); (b) descriptive; (c) 'in parte (-dy/-ey)': 1 of 5 choices inherited, criterion needed 3. | src: QUADERNO l.8270"
e357,2026-10-03,"gli ""errori"" sono uniformi come errori casuali; l'inventiva delle sessioni sta nelle forme nuove","Does session inventiveness exceed section/language effects, and is it made of errors or of new forms?",preregistrazioni/e357.md,risultati/e357_inventiva.json; risultati/e357_inventiva.md,CONFIRMED,Esiti preregistrati: inventiva oltre la sezione; fatta di forme nuove.,no,"Hapax dispersion z 11.2; new forms z 11.8, errors z 0.2. Supported by later controls e360, e364, e371, e376. | src: QUADERNO l.8304"
e358,2026-10-03,"dentro il bifoglio, un indizio di scrittura a foglio piegato (incerto)",Were bifolio pages written folded (recto then verso) or open (same parchment side)?,preregistrazioni/e358.md,risultati/e358_ordine_bifoglio.json; risultati/e358_ordine_bifoglio.md,NULL/INCONCLUSIVE,"Piegato, i due passaggi insieme: z 2,5. Aperto: z −1,3. Esito preregistrato: incerto.",no,44 complete bifolios. | src: QUADERNO l.8326
e359,2026-10-03,"le forme nuove usano i pezzi della loro sessione, ma non più delle parole comuni",Are new forms built from pieces of their own session more than common words are?,preregistrazioni/e359.md,risultati/e359_ricombinazione.json; risultati/e359_ricombinazione.md,NULL/INCONCLUSIVE,"Esito preregistrato: incerto (le forme nuove superano il caso, ma non le parole comuni).",no,New forms excess +0.111 (z 20.6) vs common words +0.128. | src: QUADERNO l.8342
e360,2026-10-03,l'inventiva delle sessioni non è un effetto dei paragrafi,Is session inventiveness (e357) an artefact of paragraph density and paragraph-first lines?,preregistrazioni/e360.md,risultati/e360_paragrafi.json; risultati/e360_paragrafi.md,REFUTED,Esito preregistrato: l'inventiva non è un effetto dei paragrafi.,no,"Control of e357: dispersion persists without first lines (z 10.8) and in internal lines only (z 9.0); paragraph density rho 0.22, z 1.5. | src: QUADERNO l.8358"
e361,2026-10-03,le forme nuove non sono due parole attaccate,Are many new forms two existing words written without a space?,preregistrazioni/e361.md,risultati/e361_attaccate.json; risultati/e361_attaccate.md,REFUTED,Esito preregistrato: no. Le forme nuove si spiegano come due parole attaccate meno delle parole comuni.,no,48.7% of new forms split into two known words vs 76.2% of common words of equal length (z -39.3). | src: QUADERNO l.8372
e362,2026-10-03,"le forme nuove hanno sequenze di segni insolite, tipiche di una fine e un inizio di parola; arrivano a gruppi nella riga","Do new forms break the sign-sequence rules, and do they arrive in clusters?",preregistrazioni/e362.md,risultati/e362_forme_nuove.json; risultati/e362_forme_nuove.md,CONFIRMED,"le forme nuove hanno sequenze di segni insolite, tipiche di una fine e un inizio di parola; arrivano a gruppi nella riga",no,"(a) 'forme nuove fuori dalle regole dei segni' (z -256.6); (b) 'momenti inventivi' in the line (z 5.2). Two post-hoc cautions, tested in e363. | src: QUADERNO l.8384"
e363,2026-10-03,"un terzo delle forme nuove contiene una ""giuntura"" fra due parole; le parole comuni del Voynich sono molto più regolari","Are Voynich new forms more irregular than hapax of real languages, and do they contain word junctions?",preregistrazioni/e363.md,risultati/e363_giunture.json; risultati/e363_giunture.md,CONFIRMED,Esiti preregistrati: (a) le forme nuove del Voynich sono più fuori regola degli hapax di una lingua; (b) le forme nuove contengono giunture di parola.,no,"Delta -1.08 vs Latin -0.29, Italian -0.18; junctions 34.5% vs 7.3% (z 63.1). Entry notes new forms are as irregular as hapax in absolute terms; it is common words that are more regular. | src: QUADERNO l.8411"
e364,2026-10-03,"l'inventiva delle sessioni è soprattutto vera, la spaziatura conta meno",Is session inventiveness mainly a spacing habit (new forms containing word junctions)?,preregistrazioni/e364.md,risultati/e364_spaziatura.json; risultati/e364_spaziatura.md,MIXED,Esito preregistrato: tutte e due.,no,"Prereg label 'tutte e due': with-junction forms z 3.3 (spacing), without-junction z 11.5 (genuine inventiveness, the larger part). | src: QUADERNO l.8436"
e365,2026-10-03,nessuna prova di due modi di scrittura; le forme nuove stanno ai bordi della riga,Does the scribe alternate copying lines and inventing lines (lines with new forms re-use less)?,preregistrazioni/e365.md,risultati/e365_modi.json; risultati/e365_modi.md,NULL/INCONCLUSIVE,"Esito preregistrato: incerto. Nessuna prova che lo scriba alterni righe ""copiate"" e righe ""inventate"".",no,z +2.1 vs null (hypothesis required z < -3). Descriptive: new forms twice as frequent at line edges. | src: QUADERNO l.8450
e366,2026-10-03,ai bordi della riga lo scriba attacca un segno a parole normali,Are new forms at line edges normal words with an added edge sign?,preregistrazioni/e366.md,risultati/e366_bordi.json; risultati/e366_bordi.md,CONFIRMED,ai bordi della riga lo scriba attacca un segno a parole normali,no,Prereg labels 'segno di inizio riga' (z 5.5) and 'segno di fine riga' (z 4.7). | src: QUADERNO l.8468
e367,2026-10-03,"le prime parole ""segno + parola"" esistono anche staccate, ma manca il confronto con il centro della riga",Is the sign attached to line-initial words the small detached word found mid-line?,preregistrazioni/e367.md,risultati/e367_staccati.json; risultati/e367_staccati.md,CONFIRMED,Esito preregistrato: la parolina staccata si attacca a inizio riga.,no,"z 44.0. Post-hoc caution: may measure general space uncertainty. qualified by e368: line-start-specific effect exists but smaller, mainly s. | src: QUADERNO l.8499"
e368,2026-10-03,"a inizio riga la parolina s (e l, y) si attacca alla parola seguente",Does the small word attach to the following word more at line start than mid-line?,preregistrazioni/e368.md,risultati/e368_attacco.json; risultati/e368_attacco.md,CONFIRMED,Esito preregistrato: a inizio riga la parolina si attacca di più.,no,"Verification of e367: difference +0.041, z 6.7; effect concentrated on s (0.955 vs 0.535). | src: QUADERNO l.8519"
e369,2026-10-03,"gli ""errori"" non sono specificamente errori di copiatura dalla riga sopra (incerto)",Are the 'errors' (rare one-edit variants of frequent words) copying errors from the lines above?,preregistrazioni/e369.md,risultati/e369_errori_copia.json; risultati/e369_errori_copia.md,NULL/INCONCLUSIVE,"Differenza degli eccessi −0,015, z −2,3. Esito preregistrato: incerto.",no,Errors excess z 4.1 but not larger than the comparison group (z 10.9). | src: QUADERNO l.8543
e370,2026-10-03,la crescita di -ey scendendo nella pagina c'è sia nelle parole riprese sia nelle altre (incerto),Does the -ey growth down the page come from re-use (present only in copied words)?,preregistrazioni/e370.md,risultati/e370_ey_ripresa.json; risultati/e370_ey_ripresa.md,NULL/INCONCLUSIVE,la crescita di -ey scendendo nella pagina c'è sia nelle parole riprese sia nelle altre (incerto),no,"Prereg label 'incerto': copied words z 3.5, non-copied z 2.5. | src: QUADERNO l.8594"
e371,2026-10-03,l'inventiva delle sessioni regge anche senza i bordi della riga,Does session inventiveness persist when line-edge words are excluded?,preregistrazioni/e371.md,risultati/e371_inventiva_centro.json; risultati/e371_inventiva_centro.md,CONFIRMED,Esito preregistrato: l'inventiva regge senza i bordi.,no,"Mid-line words only: dispersion 3.41x null, z 9.1. Control of e357/e360/e364. | src: QUADERNO l.8607"
e372,2026-10-03,"la ripresa copia pezzi di riga, anche a ordine invertito",Does re-use copy chunks of the line above (adjacent word pairs) rather than isolated words?,preregistrazioni/e372.md,risultati/e372_blocchi.json; risultati/e372_blocchi.md,CONFIRMED,Esito preregistrato: copia a pezzi.,no,"Same order z 8.0, reversed order z 4.3 (reversed absent in the T&S generator). | src: QUADERNO l.8614"
e373,2026-10-03,le sessioni differiscono lungo dimensioni quasi tutte indipendenti,Do session differences go together as a single 'session character' (first component > 40%)?,preregistrazioni/e373.md,risultati/e373_dimensioni.json; risultati/e373_dimensioni.md,REFUTED,"Esito preregistrato: più dimensioni. La prima componente spiega il 28% (soglia per ""un solo carattere"": 40%), poi 16%, 15%, 13%.",no,"One linked pair (new forms ~ word length, z 3.5), largely mechanical per a non-preregistered control. Re-use unrelated to all other measures. | src: QUADERNO l.8656"
e374,2026-10-03,"i bordi della riga ci sono appena nel gibberish umano, fortissimi nel Voynich",Are line-edge effects (first/last sign of the line) also present in handwritten human gibberish?,preregistrazioni/e374.md; preregistrazioni/e381.md,risultati/e374_bordi_gibberish.json; risultati/e374_bordi_gibberish.md; risultati/e381_parole_intere.md,CONFIRMED,"Esito preregistrato: i bordi della riga ci sono anche nel gibberish umano (F1, z 3,2 > 3).","yes: threshold declared badly calibrated (z only, not effect size), outcome kept; meaningful-text tokenization bug found later, redone in e381",Gibberish F1 0.006 (z 3.2) vs Voynich 0.140 (z 172 at equal size): author judges effect negligible in gibberish. e381: outcome unchanged. | src: QUADERNO l.8703
e375,2026-10-03,"oltre la giuntura, le parole del Voynich quasi non scelgono le vicine","Do Voynich words prefer specific neighbours beyond the sign junction, as phrases do in languages?",preregistrazioni/e375.md; preregistrazioni/e381.md,risultati/e375_coppie.json; risultati/e375_coppie.md; risultati/e381_parole_intere.md,NULL/INCONCLUSIVE,"Esito preregistrato: incerto (z 2,0, fra 2 e 3).","yes: positive-control texts had split words (tokenization bug) found after running; redone in e381, control holds","Voynich R 1.03, z 2.0; positive control passed (z 13-30). Effect, if any, < 1/4 of the weakest language group. e379(a): excess not from uncertain spaces. | src: QUADERNO l.8674"
e376,2026-10-03,"l'inventiva è della sessione, non dello scriba",Is inventiveness a property of the writing session rather than of the scribe (hand)?,preregistrazioni/e376.md,risultati/e376_inventiva_mano.json; risultati/e376_inventiva_mano.md,CONFIRMED,Esito preregistrato: l'inventiva è della sessione.,no,"Within section x language x hand: 4.02x null, z 11.4; hand explains none of the excess. Control (errors) uniform in all stratifications. | src: QUADERNO l.8731"
e377,2026-10-03,"la giuntura fra parole del Voynich è forte come in una lingua, quasi assente nel gibberish umano",Does handwritten human gibberish show a word junction as strong as the Voynich's?,preregistrazioni/e377.md; preregistrazioni/e381.md,risultati/e377_giuntura_gibberish.json; risultati/e377_giuntura_gibberish.md; risultati/e381_parole_intere.md,REFUTED,"Esito preregistrato: giuntura più debole nel gibberish umano (z 3,7, ma E 13 volte sotto il Voynich).","yes: tokenization bug in the meaningful-text reference found after running; redone in e381, outcome unchanged",Junction present in gibberish but weak (prereg label 'più debole'). qualified by e381: Sanskrit/Quran per-text values were artefacts; Voynich exceeded by 6/71 texts. | src: QUADERNO l.8751
e378,2026-10-03,la lingua B non è la lingua A con un'altra chiave,Is Currier language B language A enciphered with another sign-substitution key?,preregistrazioni/e378.md,risultati/e378_chiave_ab.json; risultati/e378_chiave_ab.md,REFUTED,Esito preregistrato: B non è una sostituzione di A.,no,Gap closed by best key R 0.01 (needs >0.5); positive control R 1.00 in all 10 splits. B words longer (4.37 vs 4.04). | src: QUADERNO l.8895
e379,2026-10-03,lo spazio a volte spezza le parole (parolina + parola),Does the space sometimes split a word (short word + word forming a known word)?,preregistrazioni/e379.md,risultati/e379_spezzate.json; risultati/e379_spezzate.md,CONFIRMED,Esito preregistrato (b): lo spazio a volte spezza le parole.,no,"Main part (b): sure spaces z 6.9; long words z 2.0. Secondary part (a) 'incerto' (e375 excess unchanged, z 2.1). | src: QUADERNO l.8780"
e380,2026-10-03,"qo-/o- e -l/-r dipendono dalla parola vicina, come una regola di raccordo","Does the edge sign alone carry a link with the neighbouring word, beyond the rest of the word (sandhi-like)?",preregistrazioni/e380.md,risultati/e380_sandhi.json; risultati/e380_sandhi.md,CONFIRMED,"Esito preregistrato: a destra ""il segno finale porta da solo un legame con la parola dopo, nella gamma delle lingue"" (40 testi su 71 hanno E maggiore)",no,"Right z 16.4, left z 15.0 (same label), within language range; part 2: -l/-r and qo-/o- linked to neighbour. Measure does not isolate sandhi (limit declared before running). | src: QUADERNO l.9069"
e381,2026-10-03,con le parole intere i controlli reggono; la giuntura del Voynich è fra le più alte (6 lingue su 71 sopra),Do the e374/e375/e377 outcomes and controls hold when meaningful texts are tokenized into whole words?,preregistrazioni/e381.md,risultati/e381_parole_intere.json; risultati/e381_parole_intere.md,CONFIRMED,con le parole intere i controlli reggono; la giuntura del Voynich è fra le più alte (6 lingue su 71 sopra),no,"Correction run for the tokenization error: e374 unchanged, e375 positive control confirmed, e377 unchanged; Voynich junction exceeded by 6 of 71 texts. | src: QUADERNO l.8945"
e382,2026-10-03,"a parità di unità, il gibberish umano non riprende dalle righe sopra; il Voynich sì, quanto o più dei testi sensati","With equal page units, does the Voynich's re-use from the lines above match human gibberish (rather than meaningful texts)?",preregistrazioni/e382.md,risultati/e382_ripresa_pagine.json; risultati/e382_ripresa_pagine.md,REFUTED,"Esito preregistrato su E: più di tutti (appena sopra i testi sensati: 0,034 contro un intervallo che arriva a 0,032).",no,"Corrects e346. E: above all; R 'fuori da tutti e due' (1.09, between gibberish 0.99 and meaningful 1.20); gibberish shows no re-use. CHECK: multi-way prereg outcome, classified on 'like gibberish' claim. | src: QUADERNO l.8971"
e383,2026-10-03,"la giuntura sta fra parole vere, non solo nelle parole spezzate",Does the Voynich word-junction dependency come mostly from split words and short elements (q3 < 0.5)?,preregistrazioni/e383.md,risultati/e383_giuntura_lunghe.json; risultati/e383_giuntura_lunghe.md,REFUTED,"la giuntura sta fra parole vere (q3 0,83 > 0,8).",no,Junction persists between words of 3+ signs (q3 0.83); removing pairs that join into a word removes 18%. | src: QUADERNO l.9027
e384,2026-10-03,la giuntura non passa a capo; il Voynich si comporta come i testi in cui la riga è un versetto,"Does the word-junction dependency carry over the line break, as in prose?",preregistrazioni/e384.md,risultati/e384_giuntura_a_capo.json; risultati/e384_giuntura_a_capo.md,CONFIRMED,"""passa a capo come nella prosa"", perché Q del Voynich sta fra il minimo e il massimo dei testi sensati.",yes: author declared the criterion badly chosen (range set by small noisy texts) and reads the opposite,"CHECK: literal prereg label = 'passes', but Q -0.02 (z -0.7) and author reads 'does not cross the line break', as later tests assume (e395, e3a05, e3a43). Exception in text-only pages (e3a06). | src: QUADERNO l.9043"
e385,2026-10-03,"la ripresa del Voynich è copia dalla riga subito sopra, non continuità del discorso",Does Voynich repetition from lines above decay with distance in the same way as in languages?,preregistrazioni/e385.md,risultati/e385_calo.json; risultati/e385_calo.md,REFUTED,il Voynich cala più in fretta delle lingue (copia a corto raggio).,no,C -0.07 (CI -0.27 to 0.10) vs meaningful texts 0.28 (0.22 to 0.36): Voynich decays faster. | src: QUADERNO l.9109
e386,2026-10-03,la giuntura si rompe anche al salto del disegno: vale solo fra segni scritti di seguito,Does the word-junction dependency cross a gap where the line is interrupted by a drawing?,preregistrazioni/e386.md,risultati/e386_salto_disegno.json; risultati/e386_salto_disegno.md,REFUTED,si rompe anche al disegno.,no,"E at drawing gap 0.026, z 1.9 (< 2). Extra descriptive, non-preregistered counts of words after the gap. | src: QUADERNO l.9126"
e387,2026-10-03,nelle etichette qo- quasi non c'è: senza parola prima si scrive o-,Do labels use the 'pause form' (fewer qo- and more -l than mid-line words)?,preregistrazioni/e387.md,risultati/e387_etichette_pausa.json; risultati/e387_etichette_pausa.md,MIXED,"qo-: previsione confermata. Differenza pesata −0,50, p < 0,0001.",no,"Two predictions: qo- confirmed (p < 0.0001); -l 'non decisa' (p 0.94). qualified by e3a11: the word-final pause form is -m/-g, not -l. | src: QUADERNO l.9201"
e388,2026-10-03,la regola di raccordo è la stessa per tutti gli scribi,Do all usable scribal hands (Davis) follow both linking rules (qo-/o- and -l/-r)?,preregistrazioni/e388.md,risultati/e388_raccordo_mani.json; risultati/e388_raccordo_mani.md,CONFIRMED,regola condivisa da tutte le mani.,no,"Hands 1-3 usable, hands 4-5 too few events. qo- rule weaker in hand 1 (language A). | src: QUADERNO l.9225"
e389,2026-10-03,a fine riga -m prende il posto di -r; a inizio riga y- e s- prendono il posto di ch- e k-,Do line-edge forms replace specific normal signs (X as the edge variant of Y) rather than being added without substitution?,preregistrazioni/e389.md,risultati/e389_varianti_bordo.json; risultati/e389_varianti_bordo.md,CONFIRMED,"a fine riga ""-m/-g/-y/-d è la variante di bordo di -r""; a inizio riga ""y/s/d/t è la variante di bordo di k"".",no,The rule names only the most decreasing sign; at line start ch- decreases almost as much as k-. | src: QUADERNO l.9246
e390,2026-10-03,le due regole di raccordo sono il 39% della giuntura; il resto ha lo stesso stampo,"Do the two linking rules (qo-/o-, -l/-r) explain the bulk (> 50%) of the word-junction dependency?",preregistrazioni/e390.md,risultati/e390_scomposizione.json; risultati/e390_scomposizione.md,MIXED,"Quota spiegata dalle due regole: 0,39. Esito preregistrato: una parte importante.",no,Intermediate category (0.2-0.5) of a 3-level criterion. CHECK: graded 'how much' criterion; MIXED used for the middle category. | src: QUADERNO l.9291
e391,2026-10-03,"nei testi in cerchio e lungo i raggi la giuntura c'è, forte come nei paragrafi","In circular and radial texts, is the junction present (z > 3, Q > 0.5) and does the qo- rule hold?",preregistrazioni/e391.md,risultati/e391_cerchi.json; risultati/e391_cerchi.md,MIXED,la giuntura c'è anche nei cerchi; non dimostrata nei cerchi.,no,"Junction present (Q 1.02, z 24.9); qo- rule not shown (diff +0.042, p 0.03). A later exploratory note explains it: qo- is rare in circles. | src: e391_cerchi.md"
e392,2026-10-03,la parola copiata dalla riga sopra prende la forma voluta dalla nuova vicina,Does a qo-/o- word copied from the line above adapt to its new preceding neighbour rather than keep the source form?,preregistrazioni/e392.md,risultati/e392_copia_adattata.json; risultati/e392_copia_adattata.md,MIXED,"entrambe le cose, ma la vicina pesa tre volte la fonte.",no,"Prereg label 'entrambe': neighbour effect +0.49 and source effect +0.16, both p < 0.0001. qualified by e394: who adapts to whom left open (e396 then supports the following word). | src: QUADERNO l.9320"
e393,2026-10-03,qo- a inizio riga non guarda la riga sopra; la giuntura è il doppio in lingua B,"Does line-initial qo- follow the end of the line above (part 1), and does junction strength differ between Currier A and B (part 2)?",preregistrazioni/e393.md,risultati/e393_inizio_riga_ab.json; risultati/e393_inizio_riga_ab.md,MIXED,qo- a inizio riga non guarda la riga sopra; la giuntura è il doppio in lingua B,no,"Two independent parts: part 1 'non la segue' (p 0.37); part 2 'giuntura più forte in B' (about double, also without the two linking rules). | src: QUADERNO l.9341"
e394,2026-10-03,anche la fine di una parola copiata è coordinata con la parola dopo; limite di lettura per e392 ed e394,Does the -l/-r ending of a word copied from the line above adapt to the following word (scribe plans ahead)?,preregistrazioni/e394.md,risultati/e394_fine_adattata.json; risultati/e394_fine_adattata.md,MIXED,"entrambe le cose, con la parola dopo che pesa tre volte la fonte.",no,"Prereg label 'entrambe': following-word effect +0.40 (p < 0.0001), source effect +0.14 (p 0.001). Author: shows coordination, not direction of adaptation. | src: QUADERNO l.9362"
e395,2026-10-03,con la trascrizione di Takahashi tutte le prove sulla giuntura si ripetono,Do the six juncture results replicate with the Takahashi (IT) transcription?,preregistrazioni/e395.md,risultati/e395_takahashi.json; risultati/e395_takahashi.md,CONFIRMED,i risultati non dipendono dalla trascrizione.,no,All six tests replicated. | src: QUADERNO l.9383
e396,2026-10-03,"quando due parole copiate non si accordano, cambia la seconda","When two copied words would jointly violate the qo- rule, is it the following word that adapts?",preregistrazioni/e396.md,risultati/e396_chi_si_adatta.json; risultati/e396_chi_si_adatta.md,CONFIRMED,si adatta la parola dopo.,no,"34 conflicts: change of b +0.41 (p 0.0003), change of a -0.04. Two-sided question with decisive outcome. Replicated by e3a02 (60 conflicts) and e3a34 (IT). | src: QUADERNO l.9399"
e397,2026-10-03,"lo spazio del Voynich si prevede dai segni vicini per il 73%, più di quasi tutte le lingue",Are Voynich spaces more predictable from the surrounding signs than in every meaningful text?,preregistrazioni/e397.md,risultati/e397_spazi.json; risultati/e397_spazi.md,REFUTED,nella gamma delle lingue (1 testo su 71 con R maggiore).,no,R 0.728; only Chinese pinyin higher. Human-gibberish comparison weak (R 0.085: small heterogeneous texts). | src: QUADERNO l.9418
e398,2026-10-03,abbandonato prima della preregistrazione: la misura non va bene per le sillabe,"Do adjacent Voynich word pairs recombine into recurring words, as syllables do (pinyin-like)?",,,NOT_RUN,"Esperimento abbandonato, niente esito.",no,"Abandoned before preregistration: control-only trials showed the measure saturates for syllabaries. No prereg, code or results files. | src: QUADERNO l.9480 | date from notebook entry"
e399,2026-10-04,nessun generatore pubblicato ha una giuntura forte che si ferma all'a capo,Does any published generator have a juncture at least half the Voynich's that stops at the line break (Q < 0.3)?,preregistrazioni/e399.md,risultati/e399_giuntura_generatori.json; risultati/e399_giuntura_generatori.md,REFUTED,nessun generatore la riproduce.,no,Naibbe prediction (Q near 1) not evaluable: Naibbe has almost no juncture (0.002). U3 juncture crosses line breaks (Q 0.97). | src: QUADERNO l.9494
e3a01,2026-10-04,"per -l/-r un segnale di ""guardare avanti"", ma con troppi pochi casi","For -l/-r, does the scribe look ahead (the ending of a copied word adapts to the following word)?",preregistrazioni/e3a01.md,risultati/e3a01_guarda_avanti.json; risultati/e3a01_guarda_avanti.md,NULL/INCONCLUSIVE,non decidibile (meno di 30 conflitti).,no,"26 conflicts (< 30); diff +0.45, p 0.0015 in the look-ahead direction. Extended in e3a02 (confirmed). | src: QUADERNO l.9545"
e3a02,2026-10-04,"lo scriba adatta la parola dopo per qo-/o-, e la fine della parola prima per -l/-r: guarda avanti","With sources from the 2 lines above, does the scribe look ahead for -l/-r (A) and adapt the following word for qo-/o- (B)?",preregistrazioni/e3a02.md,risultati/e3a02_chi_si_adatta_2.json; risultati/e3a02_chi_si_adatta_2.md,CONFIRMED,Esito A: lo scriba guarda avanti. Esito B: si adatta la parola dopo.,no,Extension of e3a01/e396 decided after their results; not independent of them (stated in prereg). Replicated with IT in e3a34. | src: e3a02_chi_si_adatta_2.md
e3a03,2026-10-04,"a parità della parola in mezzo, nessun legame a distanza 2 (nelle lingue sempre)","Given the middle word, is there a link between the last sign of word 1 and the first sign of word 3 in the Voynich?",preregistrazioni/e3a03.md,risultati/e3a03_distanza_due.json; risultati/e3a03_distanza_due.md,REFUTED,nessun legame oltre la parola accanto.,no,Voynich z 1.3. qualified by e3a07 (language contrast inflated by page topic; Voynich unchanged) and e3a51 (measure blind to a verbose cipher). CHECK: possibly superseded by e3a07 (dossier corrected). | src: QUADERNO l.9607
e3a04,2026-10-04,"giuntura e raccordo reggono in quattro sezioni su cinque; nel ""solo testo"" la giuntura sembra passare l'a capo",Do the juncture and linking-rule properties hold in every section of the book?,preregistrazioni/e3a04.md,risultati/e3a04_sezioni.json; risultati/e3a04_sezioni.md,MIXED,"non reggono ovunque. Unica eccezione: nella sezione ""solo testo"" (f1r, f66r, f76r, f85r1, f86v5, f86v6; 193 coppie a capo) la giuntura sembra passare l'a capo.",no,"All tests hold in 4 of 5 sections; exception: line-break juncture in the text-only section (verified in e3a06, e3b72). Linking rules hold wherever data suffice. | src: QUADERNO l.9578"
e3a05,2026-10-04,la giuntura si ripete con la trascrizione di Glen Claston,Does the line-closed juncture replicate with the Glen Claston (v101) transcription?,preregistrazioni/e3a05.md,risultati/e3a05_glen_claston.json; risultati/e3a05_glen_claston.md,CONFIRMED,la giuntura si ripete con Glen Claston.,no,"In line z 186, at line break z 0.5, Q 0.02. | src: QUADERNO l.9597"
e3a06,2026-10-04,"nelle 6 pagine ""solo testo"" c'è davvero un legame a capo, ma non è la regola di raccordo","In the 6 text-only pages, does the juncture really cross the line break (exact p and calibration < 0.01)?",preregistrazioni/e3a06.md,risultati/e3a06_solo_testo.json; risultati/e3a06_solo_testo.md,CONFIRMED,nel solo testo la giuntura passa l'a capo.,no,Exact p 0.0006; no calibration set reaches E 0.144. Replicated with Takahashi in e3b72. | src: QUADERNO l.9624
e3a07,2026-10-04,"il legame a distanza 2 delle lingue era in buona parte argomento; ne resta una parte, nel Voynich niente",Is the distance-2 link in languages mainly grammar rather than page topic (median E stays >= half with a within-page null)?,preregistrazioni/e3a07.md,risultati/e3a07_distanza_due_pagina.json; risultati/e3a07_distanza_due_pagina.md,REFUTED,in buona parte argomento. Nell'e3a03 il contrasto con le lingue era gonfiato dalle parole che tornano nella stessa pagina.,no,"Language median E 0.068 -> 0.013, still z > 3 in 34/42 texts; Voynich none (z 0.9). Corrects the e3a03 comparison. CHECK: two-alternative question; 'yes' taken as 'grammar'. | src: QUADERNO l.9639"
e3a08,2026-10-04,il legame con la parola vicina passa quasi tutto dal segno di bordo,"Does the link with the neighbouring word pass only through the edge sign (Voynich E < 1/4 of language median), both directions?",preregistrazioni/e3a08.md,risultati/e3a08_solo_segno.json; risultati/e3a08_solo_segno.md,CONFIRMED,"avanti e indietro: il legame passa solo dal segno di bordo (il Voynich è sotto un quarto della mediana delle lingue: 18% avanti, 8% indietro).",no,A small residual word-identity link remains (z 21 / 10). qualified by e3a14: with a within-page null two-thirds of the residual was page lexicon. | src: QUADERNO l.9668
e3a09,2026-10-04,la -m di fine riga è più rara nell'ultima riga del paragrafo: è legata al margine,"Does line-final -m depend on reaching the margin (more in fuller lines, rarer in paragraph-final lines)?",preregistrazioni/e3a09.md,risultati/e3a09_m_margine.json; risultati/e3a09_m_margine.md,MIXED,Esito A: incerto. Esito B: -m più rara a fine paragrafo (legata al margine).,no,"A (fuller lines) uncertain: +0.071, p 0.04; B (paragraph-final line) confirmed: -0.135, p 0.0006. | src: e3a09_m_margine.md"
e3a10,2026-10-04,il piccolo legame oltre il segno di bordo è sparso nella parola,Does the residual word-identity link sit in the signs next to the edge or in short (split) words?,preregistrazioni/e3a10.md,risultati/e3a10_resto.json; risultati/e3a10_resto.md,REFUTED,in tutte e due le direzioni: il resto è sparso nella parola.,no,Neither hypothesis: 63% remains with 2 edge signs; 80% / 97% without short words. qualified by e3a14: two-thirds of the residual was page lexicon. | src: QUADERNO l.9738
e3a11,2026-10-04,"le etichette finiscono come le righe (-m, -g, e anche -s, -d)","Which final and initial signs increase or decrease in labels vs mid-line words, given the rest of the word?",preregistrazioni/e3a11.md,risultati/e3a11_etichette_bordi.json; risultati/e3a11_etichette_bordi.md,DESCRIPTIVE,"crescono -g, -m, -s, -d fra le finali, i- fra le iniziali.",no,Prereg explicitly without hypothesis (list of signs). Small numbers (about 103 labels). | src: QUADERNO l.9689
e3a12,2026-10-04,le parole uniche rispettano la giuntura per circa due terzi,Do hapax words (new forms and 'errors') respect the junction with neighbours as repeated words do (Q > 0.7)?,preregistrazioni/e3a12.md,risultati/e3a12_uniche_giuntura.json; risultati/e3a12_uniche_giuntura.md,MIXED,"in parte, per tutte e quattro le classi.",no,"Q 0.51-0.67 in all four classes, all z > 9 ('in parte'). | src: QUADERNO l.9703"
e3a13,2026-10-04,"inizio riga, dopo un disegno ed etichette non imitano nessuna finale (solo una tendenza)","Where there is no preceding word (line start, after a drawing, label), do initials resemble those after a specific final?",preregistrazioni/e3a13.md,risultati/e3a13_come_dopo.json; risultati/e3a13_come_dopo.md,REFUTED,per tutti e tre: né come una finale né come il generale.,no,"Ratios 0.88, 0.68, 0.92 (all CIs above 0.5); only a tendency consistent with the qo- rule. | src: QUADERNO l.9720"
e3a14,2026-10-04,"due terzi del ""resto"" erano lessico della pagina; resta un legame fra vicine pari a un quarto di quello delle lingue",Is the residual word-identity link (beyond the edge sign) entirely due to page lexicon (z < 2 with a within-page null)?,preregistrazioni/e3a14.md,risultati/e3a14_resto_pagina.json; risultati/e3a14_resto_pagina.md,REFUTED,resta un piccolo legame fra vicine (z > 3 in tutte e due le direzioni).,no,"Two-thirds of the residual was page lexicon (0.080 -> 0.027), but a link remains (z 9.9 / 5.8), about 1/4-1/5 of languages. | src: QUADERNO l.9783"
e3a15,2026-10-04,-ey cresce scendendo nella pagina anche a parità di posizione e lunghezza della riga,Does -ey still increase down the page given position in the line and line length?,preregistrazioni/e3a15.md,risultati/e3a15_ey_verticale.json; risultati/e3a15_ey_verticale.md,CONFIRMED,la crescita verticale resta.,no,"+0.057, z 4.8. qualified by e3a21: growth concentrated in the recipe section. | src: QUADERNO l.9760"
e3a16,2026-10-04,la regola di raccordo ha la stessa forza in tutte le sessioni,Does the strength of the qo- linking rule vary between writing sessions (bifolios) more than chance?,preregistrazioni/e3a16.md,risultati/e3a16_raccordo_sessioni.json; risultati/e3a16_raccordo_sessioni.md,REFUTED,"uniforme fra le sessioni, come una regola fissa.",no,"Dispersion ratio 0.72, z -0.8. | src: QUADERNO l.9771"
e3a17,2026-10-04,-ey cresce sia con l'altezza nella pagina sia con la posizione nel paragrafo,Do page height and paragraph position each independently increase -ey (prereg label 'tutte e due')?,preregistrazioni/e3a17.md,risultati/e3a17_ey_pagina_paragrafo.json; risultati/e3a17_ey_pagina_paragrafo.md,SUPERSEDED,"tutte e due. La quota di -ey cresce scendendo nella pagina e, separatamente, scendendo nel paragrafo.",no,e3a20 ('correzione delle letture'): without the opening lines the paragraph-position effect vanishes; -ey grows only with page height. | orig=CONFIRMED; superseded_by=e3a20 | src: QUADERNO l.9800
e3a18,2026-10-04,"due famiglie di scelte di grafia: quelle di raccordo non derivano, quelle di ""stato"" sì",Do all five spelling choices drift down the page and along the paragraph?,preregistrazioni/e3a18.md,risultati/e3a18_derive.json; risultati/e3a18_derive.md,SUPERSEDED,"derivano sh (cala nel paragrafo), t (cala nella pagina e nel paragrafo), -ey (cresce nella pagina e nel paragrafo). qo-/o- e -l/-r non derivano.",no,Orig: 3 of 5 choices drift. e3a20 corrected: sh and t paragraph drifts came from the paragraph's first line; only -ey with page height survives. | orig=MIXED; superseded_by=e3a20 | src: QUADERNO l.9824
e3a19,2026-10-04,la copia dalla riga sopra cresce lungo il paragrafo,Does copying from the line above change (grow or decline) along the paragraph?,preregistrazioni/e3a19.md,risultati/e3a19_copia_paragrafo.json; risultati/e3a19_copia_paragrafo.md,SUPERSEDED,la copia cresce lungo il paragrafo.,no,e3a20 corrected: the growth came from the opening line (line 2 copies little from line 1); without it copying is constant. | orig=CONFIRMED; superseded_by=e3a20 | src: QUADERNO l.9848
e3a20,2026-10-04,senza le righe d'apertura le derive lungo il paragrafo spariscono; resta solo -ey con l'altezza nella pagina,Do the drifts along the paragraph (e3a18) and the growth of copying (e3a19) persist without the opening lines?,preregistrazioni/e3a20.md,risultati/e3a20_senza_apertura.json; risultati/e3a20_senza_apertura.md,REFUTED,senza le righe d'apertura le derive lungo il paragrafo spariscono; resta solo -ey con l'altezza nella pagina,no,"Part A: no paragraph drift survives, -ey still grows with page height. Part B: copying constant (diff -0.007). Explicitly corrects the readings of e3a17, e3a18, e3a19. | src: QUADERNO l.9860"
e3a21,2026-10-04,la crescita di -ey scendendo nella pagina sta soprattutto nelle ricette,Is the downward growth of -ey present in every section (and thus not due to drawings)?,preregistrazioni/e3a21.md,risultati/e3a21_ey_sezioni.json; risultati/e3a21_ey_sezioni.md,MIXED,"non dipende dai disegni (cresce nelle ricette, dove il testo non gira intorno ai disegni).",no,"Grows only in recipes (z 5.7); herbal, biological, pharma, other: z < 2. Overall label 'non dipende dai disegni' met, 'every section' not. | src: QUADERNO l.9886"
e3a22,2026-10-04,"la prima riga del paragrafo pende verso il lato ""B"" dell'asse, e la seconda un po' meno",Is the first line of a paragraph shifted on the A/B axis ('another language') relative to the rest of the paragraph?,preregistrazioni/e3a22.md,risultati/e3a22_prima_riga_asse.json; risultati/e3a22_prima_riga_asse.md,CONFIRMED,la prima riga è spostata verso B (-edy). Non dipende dalla prima parola con la gallows.,no,"Preregistered label met (z 6.7). The second line (a comparison, not a validity criterion) is also shifted (z 3.0): the author reads a gradient over the opening lines rather than another 'language'. | src: QUADERNO l.9907 | reviewed in the final cross-batch review"
e3a23,2026-10-04,la giuntura è piena anche ai bordi della riga,Is the juncture as strong at the line edges (first and last word pair) as mid-line (Q > 0.8)?,preregistrazioni/e3a23.md,risultati/e3a23_giuntura_posizione.json; risultati/e3a23_giuntura_posizione.md,CONFIRMED,per tutti e due i bordi: giuntura piena anche al bordo.,no,"Q 1.14 (line start), 0.94 (line end). | src: QUADERNO l.9927"
e3a24,2026-10-04,le righe non rimano; le prime parole di righe consecutive si evitano,Do the last words of consecutive lines rhyme (and the first words alliterate) beyond copying?,preregistrazioni/e3a24.md,risultati/e3a24_rima.json; risultati/e3a24_rima.md,REFUTED,"nessuna rima (R 0,96) e nessuna allitterazione (R 0,46).",no,"Unexpected opposite: line-initial words avoid the same start (ratio 0.57, z -6.8); followed up in e3a25. | src: QUADERNO l.9940"
e3a25,2026-10-04,due righe consecutive quasi mai cominciano entrambe con qo-,"Do consecutive lines avoid starting the same way (ratio < 0.8, z < -3, below all meaningful texts)?",preregistrazioni/e3a25.md,risultati/e3a25_inizi_evitati.json; risultati/e3a25_inizi_evitati.md,NULL/INCONCLUSIVE,"incerto. L'effetto non dipendeva dalla prima riga del paragrafo (rapporto 0,50, z −8,0), ma alcuni testi sensati arrivano più in basso (minimo 0,36)",no,"Strong effect (z -8.0) but some meaningful texts lower (min 0.36), so 'below all texts' failed. Almost all qo-/qo-. Cited in e3a31 as the correct-null confirmation of the avoidance. | src: QUADERNO l.9965"
e3a26,2026-10-04,a inizio riga qo- evita il qo- della riga subito sopra (margine sinistro),Does line-initial qo- depend on (avoid) a qo- at the start of the line above?,preregistrazioni/e3a26.md,risultati/e3a26_margine_sinistro.json; risultati/e3a26_margine_sinistro.md,SUPERSEDED,"qo- a inizio riga evita il qo- subito sopra (niente alternanza: a distanza 2, z 0,9).",yes: null found defective after running (e3a31); z recomputed with a corrected null in e3a33,"Null let a line receive its own start as condition (z too negative). Raw delta -0.52 valid; e3a33 with the corrected null: result holds (z -9.7). | orig=CONFIRMED; superseded_by=e3a31, e3a33 | UPHELD: superseded for a method error, conclusion upheld by e3a33 | src: QUADERNO l.9985"
e3a27,2026-10-04,il qo- evitato sul margine sinistro regge con Takahashi e in tutte e due le lingue,Does the left-margin qo- avoidance replicate with Takahashi and in Currier A and B?,preregistrazioni/e3a27.md,risultati/e3a27_margine_robustezza.json; risultati/e3a27_margine_robustezza.md,SUPERSEDED,regge in tutte e tre le prove.,yes: same defective null as e3a26 (found in e3a31); z recomputed in e3a33,"e3a33 with the corrected null: holds in all four tests (ZL, A, B, IT; z -5.8 to -9.7). | orig=CONFIRMED; superseded_by=e3a31, e3a33 | UPHELD: superseded for a method error, conclusion upheld by e3a33 | src: QUADERNO l.10002"
e3a28,2026-10-04,sul margine sinistro lo stesso inizio si evita; nelle colonne interne sembra ripetersi (nullo da rifare),"Does the scribe avoid repeating the same word start in the same column of consecutive lines, in general and not only at the margin?",preregistrazioni/e3a28.md,risultati/e3a28_colonne.json; risultati/e3a28_colonne.md,SUPERSEDED,"colonna 1 ""evita la stessa colonna""; colonne 2–4 ""ripete nella stessa colonna""; ultima ""indifferente"". ""Solo il margine sinistro"" (fra le evitate): sì.",yes: null found biased for inner columns after running; redone in e3a29,Orig per-column outcomes in opposite directions. e3a29 ('correzione della lettura dell'e3a28'): the inner-column excess came largely from the null. | orig=MIXED; superseded_by=e3a29 | src: QUADERNO l.10015
e3a29,2026-10-04,con i bordi fermi le colonne interne non ripetono; resta solo l'evitamento sul margine sinistro,"With edge words fixed in the null, do the inner columns of consecutive lines really repeat the same word start?",preregistrazioni/e3a29.md,risultati/e3a29_colonne_interne.json; risultati/e3a29_colonne_interne.md,MIXED,"colonna 2 ""ripete"" (di poco), colonne 3, 4 e penultima ""indifferente"".",no,"Per-column labels only: col 2 'ripete' (1.25, z 3.6), cols 3, 4, penultimate indifferent. Author reads no inner repetition. CHECK: could be REFUTED per author's reading. | src: QUADERNO l.10036"
e3a30,2026-10-04,"al confine fra parole le ""vocali"" e le ""consonanti"" di Sukhotin si alternano, come nelle lingue","Do Sukhotin vowel/consonant classes alternate across word boundaries beyond chance, within the range of languages?",preregistrazioni/e3a30.md,risultati/e3a30_sukhotin.json; risultati/e3a30_sukhotin.md,CONFIRMED,il confine alterna come le lingue (4 testi su 71 con A maggiore).,no,"A 1.086, z 20.8; human gibberish 1.011 (z 1.3). | src: QUADERNO l.10055"
e3a31,2026-10-04,"il margine sinistro evita solo qo- o ogni inizio ripetuto? (e un errore nel nullo di e3a26, e3a27, e3a31)","Does the left margin avoid every repeated line start, not only qo-?",preregistrazioni/e3a31.md,risultati/e3a31_margine_segni.json; risultati/e3a31_margine_segni.md,SUPERSEDED,"Esito preregistrato (alla lettera): ""il margine evita in generale gli inizi ripetuti"". Ma non è affidabile, perché il nullo è sbagliato.",yes: null found defective after running (declared in the same entry); redone in e3a33,"invalid test (null defective): literal label declared unreliable. e3a33 with corrected null: margin avoids repeated starts (qo, o, d, ch, y; s not). | orig=NULL/INCONCLUSIVE; superseded_by=e3a33 | src: QUADERNO l.10119"
e3a32,2026-10-04,"l'alternanza ""vocale/consonante"" si comporta come la giuntura","Does the vowel/consonant boundary alternation behave like the juncture (replicates with IT, vanishes at line breaks and drawing gaps)?",preregistrazioni/e3a32.md,risultati/e3a32_alternanza_coerenza.json; risultati/e3a32_alternanza_coerenza.md,CONFIRMED,l'alternanza si comporta come la giuntura.,no,IT z 20.1; line break z 0.6; drawing gap z 1.2. | src: QUADERNO l.10098
e3a33,2026-10-04,con il nullo corretto il margine sinistro evita gli inizi ripetuti (qo- e o- soprattutto),"With the corrected null (line order shuffled), does the left margin avoid repeated starts, and does the qo- avoidance hold (ZL, A, B, IT)?",preregistrazioni/e3a33.md,risultati/e3a33_margine_corretto.json; risultati/e3a33_margine_corretto.md,CONFIRMED,il margine evita in generale gli inizi ripetuti (5 inizi evitati).,no,"Correction of e3a26, e3a27, e3a31. Part 2: qo- avoidance holds in all four tests (z -5.8 to -9.7). | src: QUADERNO l.10146"
e3a34,2026-10-04,"""lo scriba guarda avanti"" regge con la trascrizione di Takahashi","Does 'the scribe looks ahead' (e3a02, both parts) replicate with the Takahashi transcription?",preregistrazioni/e3a34.md,risultati/e3a34_guarda_avanti_it.json; risultati/e3a34_guarda_avanti_it.md,CONFIRMED,regge in tutte e due le parti,no,"Same manuscript (data not independent), independent reading and spacing choices. | src: QUADERNO l.10183"
e3a35,2026-10-04,"l'evitamento sul margine sinistro è del Voynich, non del gibberish umano",Do human gibberish writers also avoid starting consecutive lines the same way?,preregistrazioni/e3a35.md,risultati/e3a35_margine_confronti.json; risultati/e3a35_margine_confronti.md,REFUTED,il gibberish umano no.,no,Gibberish ratio 1.32 (z 1.9) vs Voynich 0.51; only 3 of 57 meaningful texts below the Voynich. | src: QUADERNO l.10196
e3a36,2026-10-04,il contesto trovato toglie il 18% dell'incertezza su qo-/o- e il 7% su -l/-r,How much of the uncertainty on qo-/o- and -l/-r does the found context remove?,preregistrazioni/e3a36.md,risultati/e3a36_prevedibili.json; risultati/e3a36_prevedibili.md,DESCRIPTIVE,le regole di raccordo e di posto sono vere ma lasciano libera gran parte della scelta: l'82% dell'incertezza su qo-/o- e il 93% su -l/-r.,no,Preregistered summary without thresholds. | src: QUADERNO l.10216
e3a37,2026-10-04,la parola stessa aggiunge poco; qo-/o- e -l/-r restano scelte in gran parte libere,How much do the word itself and the context together determine the qo-/o- and -l/-r choices?,preregistrazioni/e3a37.md,risultati/e3a37_parola_e_contesto.json; risultati/e3a37_parola_e_contesto.md,DESCRIPTIVE,"tutte e due le scelte ""in gran parte libere"" (insieme sotto il 25%).",no,"Preregistered as a summary without thresholds, with verbal labels (> 50% decided, < 25% free). Word + context remove 18.5% and 10.8%. | src: QUADERNO l.10234"
e3a38,2026-10-04,le etichette consecutive si copiano con piccole modifiche,Are consecutive labels more similar (equal or one edit apart) than labels paired at random within the page?,preregistrazioni/e3a38.md,risultati/e3a38_etichette_in_fila.json; risultati/e3a38_etichette_in_fila.md,CONFIRMED,le etichette si copiano in fila.,no,"Ratio 1.99, z 4.3; mostly one-edit variants. | src: QUADERNO l.10253"
e3a39,2026-10-04,"gli ""errori"" non sono confusioni di lettura moderne",Are the 'errors' (hapaxes one substitution from a frequent word) modern transcriber reading confusions?,preregistrazioni/e3a39.md,risultati/e3a39_confusioni.json; risultati/e3a39_confusioni.md,REFUTED,gli errori evitano le confusioni (cadono sui segni confondibili un po' meno della variazione normale).,no,"Diff -0.040 (CI -0.076 to -0.003), opposite direction. Exploratory: Takahashi reads 83% of the ZL 'errors' identically. | src: QUADERNO l.10273"
e3a40,2026-10-04,fra paragrafi il margine sinistro non evita niente,Does the left-margin start avoidance also hold across paragraph boundaries?,preregistrazioni/e3a40.md,risultati/e3a40_margine_paragrafi.json; risultati/e3a40_margine_paragrafi.md,REFUTED,indifferente in tutte e due le misure.,no,Ratios 0.96 (z -0.3) and 1.04 (z 1.1). | src: QUADERNO l.10295
e3a41,2026-10-04,"due classi di iniziali, secondo la finale della parola prima",Do several word-initial alternations (beyond qo-/o-) depend on the final of the preceding word?,preregistrazioni/e3a41.md,risultati/e3a41_iniziali.json; risultati/e3a41_iniziali.md,CONFIRMED,più alternanze (54 coppie oltre la soglia).,no,"Author caveat: words sharing a body are usually different words, so the measure reflects the juncture in word choice, not mutations of one word. | src: QUADERNO l.10310"
e3a42,2026-10-04,un po' di continuità di lessico fra paragrafi consecutivi,Are adjacent paragraphs on a page lexically more similar than distant ones?,preregistrazioni/e3a42.md,risultati/e3a42_paragrafi_vicini.json; risultati/e3a42_paragrafi_vicini.md,CONFIRMED,continuità fra paragrafi vicini.,no,"Excess +0.016 over the null, z 4.1; small effect. | src: QUADERNO l.10329"
e3a43,2026-10-04,le sette proprietà principali reggono in tutte e due le metà del libro,Do the seven main properties hold in both halves of the book?,preregistrazioni/e3a43.md,risultati/e3a43_due_meta.json; risultati/e3a43_due_meta.md,CONFIRMED,tutte le proprietà reggono in tutte e due le metà.,no,Juncture and qo- rule stronger in the second half (more language B). | src: QUADERNO l.10370
e3a44,2026-10-04,"l'evitamento riguarda l'inizio della riga, non un bordo visivo",Does the start avoidance also hold on the 'second edge' where lines restart after a drawing?,preregistrazioni/e3a44.md,risultati/e3a44_secondo_bordo.json; risultati/e3a44_secondo_bordo.md,REFUTED,solo sul margine vero.,no,Second edge ratio 0.92 (z -0.5); true-margin control 0.27 (z -4.1). | src: QUADERNO l.10388
e3a45,2026-10-04,abbandonato prima della preregistrazione,Is the last word of a line shorter when the line is already full?,,,NOT_RUN,Senza la larghezza fisica delle righe non si può fare bene. Non eseguito.,no,"Abandoned before preregistration (design flaw: line-wrapping mechanics). No prereg, code or results files. | src: QUADERNO l.10404 | date from notebook entry"
e3a46,2026-10-04,"dentro le forme nuove le q interne seguono quasi sempre -y/-o/-d, ma la misura scelta era diluita","Inside new word forms, do internal q follow the linking rule (more q after -y/-o/-d than after -n/-r/-s/-m)?",preregistrazioni/e3a46.md,risultati/e3a46_giunture_interne.json; risultati/e3a46_giunture_interne.md,SUPERSEDED,"no (p 0,12). Ma la misura era diluita, e lo dichiaro.",yes: author declared the preregistered measure diluted after running,"Prereg label 'no' (p 0.12), but raw counts 21 vs 1. e3a47 ('correzione della misura dell'e3a46'): with the corrected measure internal joins follow the rule. | orig=REFUTED; superseded_by=e3a47 | src: QUADERNO l.10439"
e3a47,2026-10-04,le parti attaccate senza spazio rispettano la regola di raccordo,Do internal q in hapax words follow the linking rule (preceded by -y/-o/-d more often than baseline)?,preregistrazioni/e3a47.md,risultati/e3a47_q_interne.json; risultati/e3a47_q_interne.md,CONFIRMED,le unioni interne seguono il raccordo.,no,"28 of 29 after V, p 1.1e-6. Prereg states it is not independent of e3a46 (counts already known). | src: QUADERNO l.10457"
e3a48,2026-10-04,"la regola -l/-r fra parole è la stessa che dentro le parole, più morbida",Is the -l/-r preference across word boundaries the same as inside words?,preregistrazioni/e3a48.md,risultati/e3a48_lr_dentro_fuori.json; risultati/e3a48_lr_dentro_fuori.md,CONFIRMED,"stessa regola dentro e fra le parole (rapporto 1,27).",no,"Delta inside +0.46, across +0.36. | src: QUADERNO l.10473"
e3a49,2026-10-04,la giuntura fra parole ricalca le sequenze dentro le parole più che in qualunque lingua,Do sign-pair preferences across word boundaries mirror those inside words more than in 90% of languages?,preregistrazioni/e3a49.md,risultati/e3a49_dentro_fra.json; risultati/e3a49_dentro_fra.md,CONFIRMED,la giuntura ricalca le sequenze interne più che nelle lingue (il Voynich sopra il 100% dei testi sensati).,no,"Median rho 0.470 at 10,000 words, above all 71 texts. Later note: syllabic languages do not show it. | src: QUADERNO l.10489"
e3a50,2026-10-04,con Takahashi e Glen Claston la giuntura ricalca le sequenze interne quanto con la ZL,Does the cross-boundary/inside-word mirroring replicate with the Takahashi and Glen Claston transcriptions?,preregistrazioni/e3a50.md,risultati/e3a50_dentro_fra_trascrizioni.json; risultati/e3a50_dentro_fra_trascrizioni.md,CONFIRMED,"regge con tutte e due, sopra il massimo dei testi sensati (0,392).",no,"IT 0.439, GC 0.496. | src: QUADERNO l.10505"
e3a51,2026-10-04,neanche il cifrario Naibbe ha il legame a distanza 2: la misura non vede un cifrario verboso,"Does the distance-2 measure detect a verbose cipher (Naibbe shows the link, z > 3)?",preregistrazioni/e3a51.md,risultati/e3a51_distanza_due_generatori.json; risultati/e3a51_distanza_due_generatori.md,REFUTED,"non lo vede. Il cifrario di Naibbe, che nasconde un vero testo latino, non ha legame a distanza 2 fra i segni di bordo",no,"Naibbe z 1.4. Consequence stated: absence of the distance-2 link in the Voynich is no argument against a Naibbe-type cipher (qualifies e3a03, e3a07). | src: QUADERNO l.10540"
e3a52,2026-10-04,"solo U3 ha la giuntura che ricalca le sequenze interne, ma passa l'a capo",Do published generators reproduce the cross-boundary/inside-word mirroring (median rho >= 0.4)?,preregistrazioni/e3a52.md,risultati/e3a52_dentro_fra_generatori.json; risultati/e3a52_dentro_fra_generatori.md,MIXED,lo riproduce solo U3.,no,"Per-generator outcomes only: U3 yes (0.502); Naibbe, U2, Timm-Schinner no. U3's juncture crosses line breaks (e399). CHECK: no overall criterion. | src: QUADERNO l.10558"
e3a53,2026-10-04,la catena con spazi deboli regge senza spazi incerti e senza parole corte,Does the 'weak-space chain' (e3a49) hold without uncertain spaces and without 1–2-sign words?,preregistrazioni/e3a53.md,risultati/e3a53_catena_robustezza.json; risultati/e3a53_catena_robustezza.md,CONFIRMED,Esito preregistrato: regge in tutte e due le varianti. La somiglianza fra le coppie di segni dentro e fra le parole non viene dagli spazi incerti né dalle parole cortissime spezzate.,no,Robustness of e3a49; median rho 0.444 vs 0.392 and 0.417 vs 0.333 (max of 68 texts). | src: QUADERNO l.10611
e3a54,2026-10-04,la catena con spazi deboli vale in tutte e due le lingue e per tutti gli scribi,"Does the weak-space chain hold in Currier A, in Currier B and for each of Davis's hands 1–3?",preregistrazioni/e3a54.md,risultati/e3a54_catena_parti.json; risultati/e3a54_catena_parti.md,CONFIRMED,Esito preregistrato: regge in tutte le parti.,no,"Median rho at 5,000 words 0.405–0.657, all above the 0.3 threshold. | src: QUADERNO l.10635"
e3a55,2026-10-04,"la frequenza delle parole del Voynich segue la loro forma, come nei generatori e non come nelle lingue",Does word frequency follow the probability of the word's sign sequence more than in meaningful texts (above their 90th pct)?,preregistrazioni/e3a55.md,risultati/e3a55_frequenza_forma.json; risultati/e3a55_frequenza_forma.md,CONFIRMED,Esito preregistrato: la frequenza segue la forma più che nelle lingue (Voynich sopra il 100% dei testi sensati).,no,rho 0.583 vs max 0.278 of 71 texts; generators 0.41–0.60; author: also compatible with a verbose cipher (Naibbe). Replicated in e3a56. | src: QUADERNO l.10652
e3a56,2026-10-04,"la frequenza segue la forma con tutte e tre le trascrizioni, in lingua A e B e per ogni scriba","Does the frequency–form link hold with other transcriptions (Takahashi, Glen Claston), in A and B and for each hand?",preregistrazioni/e3a56.md,risultati/e3a56_frequenza_forma_parti.json; risultati/e3a56_frequenza_forma_parti.md,CONFIRMED,"Esito: regge ovunque, con valori quasi identici (0,57–0,61).",no,Replication of e3a55; all parts above the languages' maximum at the same size. | src: QUADERNO l.10674
e3a57,2026-10-04,il legame frequenza-forma non è solo la bassa entropia dei segni,Is the Voynich's frequency–form link explained by its low sign entropy (h2) alone?,preregistrazioni/e3a57.md,risultati/e3a57_forma_entropia.json; risultati/e3a57_forma_entropia.md,REFUTED,Esito preregistrato: non è solo l'entropia.,no,"Confound check: residual +0.537 vs max +0.177 among 71 texts. Voynich h2 just below the texts' range (small extrapolation, declared). | src: QUADERNO l.10690"
e3a58,2026-10-04,lo spazio si indovina dai due segni vicini più che nelle lingue; gli spazi incerti cadono dove la regola è incerta,"Is the word space more predictable from the two adjacent signs than in languages, and do uncertain spaces fall where the rule is uncertain?",preregistrazioni/e3a58.md,risultati/e3a58_spazi_prevedibili.json; risultati/e3a58_spazi_prevedibili.md,CONFIRMED,lo spazio si indovina dai due segni vicini più che nelle lingue; gli spazi incerti cadono dove la regola è incerta,"yes: threshold changed from max to 90th pct of languages after control-only code test, before seeing the Voynich (declared in the prereg)","Both parts yes: F1 0.862 (above 97% of texts; only pinyin higher); uncertain spaces mean rule prob 0.470. Possibly a pre-commit change, but self-declared as deviation. | src: QUADERNO l.10730"
e3a59,2026-10-04,"anche la memoria di due segni passa lo spazio, ma la prova è debole",Does the two-sign memory of the chain cross the word space as within words (above the 90th pct of languages in both settings)?,preregistrazioni/e3a59.md,risultati/e3a59_memoria_due.json; risultati/e3a59_memoria_due.md,CONFIRMED,Esito preregistrato: memoria uguale attraverso lo spazio (Voynich sopra tutte le lingue in entrambi gli ambiti).,no,"Author flags the evidence as weak: few usable triples, unstable subsets (2+1 from 0.06 to 0.45); human gibberish 1+2 above Voynich on its full text. | src: QUADERNO l.10765"
e3a60,2026-10-04,"dove la ZL ha uno spazio incerto, Takahashi lo mette due volte su tre; i disaccordi cadono dove la regola è incerta","Where ZL marks an uncertain space, does Takahashi put a space about half the time, and do ZL/IT disagreements fall where the rule is uncertain?",preregistrazioni/e3a60.md,risultati/e3a60_spazi_due_trascrittori.json; risultati/e3a60_spazi_due_trascrittori.md,CONFIRMED,Esito (a): l'incertezza è sul foglio. Esito (b): i disaccordi cadono dove la regola è incerta.,no,(a) P 0.650 (within 0.25–0.75); (b) rule prob 0.487 at 320 disagreements. Voynich-only code (no controls); ZL and IT not fully independent. | src: e3a60_spazi_due_trascrittori.md
e3a61,2026-10-04,"il vocabolario del Voynich riempie le forme più probabili, dieci volte più delle lingue",Does the vocabulary fill the most probable sign-chain forms more than in languages (above their 90th pct)?,preregistrazioni/e3a61.md,risultati/e3a61_forme_riempite.json; risultati/e3a61_forme_riempite.md,CONFIRMED,Esito preregistrato: il vocabolario riempie le forme probabili più che nelle lingue (sopra il 99% dei testi sensati; dieci volte la loro mediana).,no,0.434 vs 90th pct 0.086; one pinyin text above the Voynich; generators 0.41–0.45. Replicated with IT and GC in e3a68. | src: QUADERNO l.10810
e3a62,2026-10-04,il cifrario Naibbe non ha legame fra parole intere; Timm e Schinner ne ha quanto il Voynich,Does a verbose cipher like Naibbe show a language-like whole-word link between neighbours (above the Voynich–language midpoint)?,preregistrazioni/e3a62.md,risultati/e3a62_legame_parole_generatori.json; risultati/e3a62_legame_parole_generatori.md,REFUTED,"Esito preregistrato: tutti ""come il Voynich"" (sotto il punto medio fra Voynich e lingue).",no,"Naibbe E 0.003/0.000 (no measurable link); Timm & Schinner 0.026 like the Voynich; U2, U3, gibberish also below midpoint. | src: QUADERNO l.10835"
e3a63,2026-10-04,il piccolo legame fra parole intere del Voynich non viene dalla copia dalla riga sopra (in Timm e Schinner sì),Does the small whole-word link between neighbouring words come from copying from the line above?,preregistrazioni/e3a63.md,risultati/e3a63_legame_copia.json; risultati/e3a63_legame_copia.md,REFUTED,"Esito preregistrato, Voynich: la copia non c'entra in tutte e due le direzioni.",no,Positive control (Timm & Schinner) works: forward link vanishes when line-above copies are removed. | src: QUADERNO l.10878
e3a64,2026-10-04,verso la fine della riga lo scriba mette un po' meno spazi facoltativi,Does the scribe tighten optional spaces towards the end of the line?,preregistrazioni/e3a64.md,risultati/e3a64_spazi_fine_riga.json; risultati/e3a64_spazi_fine_riga.md,CONFIRMED,Esito preregistrato: lo scriba stringe a fine riga.,no,"Difference −0.043, p 0.0005; small effect. Qualified by e3b12 (holds at equal piece length); replicated with IT in e3b35. | src: QUADERNO l.10858"
e3a65,2026-10-04,due terzi del piccolo legame fra parole intere stanno nel paragrafo; resta un filo,"Does the residual whole-word link come from line position and paragraph lexicon (N3 E below half of N0, z<2)?",preregistrazioni/e3a65.md,risultati/e3a65_legame_posizione.json; risultati/e3a65_legame_posizione.md,SUPERSEDED,"Esito preregistrato, avanti e indietro: in parte.",no,"'In parte' both directions. e3a72 'Correzione dell'e3a65': fake paragraphs give the same drop, so it is mechanical; 'two thirds in the paragraph' withdrawn. | orig=MIXED; superseded_by=e3a72 | src: QUADERNO l.11016"
e3a66,2026-10-04,gli spazi facoltativi cambiano un poco da mano a mano (le regole di raccordo no),"Are optional spaces placed the same way by all hands, at equal neighbouring signs?",preregistrazioni/e3a66.md,risultati/e3a66_spazi_mani.json; risultati/e3a66_spazi_mani.md,REFUTED,Esito preregistrato: ogni mano spazia a modo suo.,yes: first run stopped on a code error in the descriptive table before any result; fixed and rerun without other changes,"p 0.001 (hand 1 +0.07, hand 2 −0.05); hand confounded with section. Replicated with IT in e3b36. | src: QUADERNO l.10903"
e3a67,2026-10-04,"rifacendo gli spazi a caso con la regola, metà dei pezzi sbagliati sono parole vere","When spaces are redrawn at random by the rule, are the wrong pieces still real words more than in languages (above their 90th pct)?",preregistrazioni/e3a67.md,risultati/e3a67_spazi_rifatti.json; risultati/e3a67_spazi_rifatti.md,CONFIRMED,"Esito preregistrato: anche i tagli sbagliati danno parole vere (sopra tutti i 71 testi sensati, otto volte la loro mediana).",no,0.499 vs 90th pct 0.119; generators 0.35–0.53; gibberish 0.064. Replicated in e3a68. | src: QUADERNO l.10930
e3a68,2026-10-04,"spazi prevedibili, forme riempite e tagli sbagliati reggono con Takahashi e Glen Claston","Do predictable spaces, filled forms and real-word wrong cuts (e3a58, e3a61, e3a67) hold with Takahashi and Glen Claston?",preregistrazioni/e3a68.md,risultati/e3a68_spazi_forme_trascrizioni.json; risultati/e3a68_spazi_forme_trascrizioni.md,CONFIRMED,"Esito preregistrato: regge in tutti e sei i casi, con margini larghi.",no,"Replication; GC filling drops to 0.35, still four times the threshold. | src: QUADERNO l.10951"
e3a69,2026-10-04,riscritto dalla propria catena di segni il Voynich non cambia; le lingue riscritte fanno metà strada verso il Voynich,"Does an order-2 sign chain trained on a language produce the Voynich's properties (a), and is the Voynich unchanged when rewritten by its own chain (b)?",preregistrazioni/e3a69.md; preregistrazioni/e3a71.md,risultati/e3a69_catene_sintetiche.json; risultati/e3a69_catene_sintetiche.md; risultati/e3a71_catene_ordini.md,SUPERSEDED,Esito (a): in parte (3 misure su 4). Esito (b): il Voynich non cambia.,no,"(a) partial, (b) yes. e3a71: 'l'e3a69 non regge alla lettera' + 'Lettura corretta dell'e3a69': holds only for short chains (order 1–2); Voynich stable from order 2. | orig=MIXED; superseded_by=e3a71 | src: e3a69_catene_sintetiche.md"
e3a70,2026-10-04,la rigidità della catena non basta a spiegare il Voynich,Does chain rigidity (sign entropy h2) explain how close language rewrites get to the Voynich (|z|<2 per measure)?,preregistrazioni/e3a70.md; preregistrazioni/e3a75.md,risultati/e3a70_catene_entropia.json; risultati/e3a70_catene_entropia.md; risultati/e3a75_posizione_segni.md,MIXED,"Esito preregistrato: per tre misure su quattro il Voynich va oltre la retta delle lingue riscritte; per gli spazi l'entropia basta (il toki pona riscritto arriva a 0,81).",no,"3/4 measures beyond (z 2.2–3.6), spaces explained. Prereg written after seeing e3a69 (declared). CHECK: possibly superseded by e3a76 ('Rilettura dell'e3a70': excess partly due to order-1 measure). | src: QUADERNO l.10991"
e3a71,2026-10-04,"con catene di ordine 1 e 3 l'e3a69 non regge alla lettera; il Voynich è stabile da ordine 2 in su, le lingue no",Does the e3a69 result hold with order-1 and order-3 chains?,preregistrazioni/e3a71.md,risultati/e3a71_catene_ordini.json; risultati/e3a71_catene_ordini.md,REFUTED,Esito preregistrato: l'e3a69 non regge con tutti gli ordini.,no,Order 1: Voynich rho rises to 0.81 (construction effect foreseen in prereg note); order 3: languages pass 2/4. Voynich rewrite identical at orders 2–3. | src: QUADERNO l.11039
e3a72,2026-10-04,il calo dell'e3a65 non è del paragrafo; correzione della lettura dell'e3a65,Is the drop of the whole-word link under the paragraph null real (true paragraphs lower it more than fake ones)?,preregistrazioni/e3a72.md,risultati/e3a72_paragrafi_finti.json; risultati/e3a72_paragrafi_finti.md,REFUTED,"Esito preregistrato, tutte e due le direzioni: calo in gran parte meccanico.",no,Two-alternative question; claim = paragraph really matters. True paragraphs within the range of 20 fake partitions. Corrects e3a65. | src: QUADERNO l.11083
e3a73,2026-10-04,"abbandonato prima della preregistrazione: il cifrario Naibbe non ha legame fra parole vicine, quindi non può fare da controllo","Do neighbouring words of a letter-by-letter verbose cipher show a measurable link, usable as a control for the Voynich?",,,NOT_RUN,"Il test non può quindi dire nulla sul cifrario, e lo abbandono.",no,Abandoned before preregistration after a control-only code test (Naibbe positive control saw nothing); no Voynich data examined; no prereg/code/results files. | src: QUADERNO l.11065 | date from notebook entry
e3a74,2026-10-04,"ripetendo un pezzo della riga sopra, lo scriba ricopia un poco anche gli spazi facoltativi","When repeating a stretch from the line above, does the scribe also copy the optional spaces?",preregistrazioni/e3a74.md,risultati/e3a74_copia_spazi.json; risultati/e3a74_copia_spazi.md,SUPERSEDED,"Esito preregistrato: lo scriba ricopia anche gli spazi, ma di poco.",no,"+0.049 (CI +0.009–+0.089). e3b46 'Corregge la lettura dell'e3a74': true as fact (nearby lines, similar spaces) but not as copying (line above ≈ two lines above); e3b47: no drift. | orig=CONFIRMED; superseded_by=e3b46 | src: QUADERNO l.11103"
e3a75,2026-10-04,"i segni del Voynich sono molto legati al loro posto nella parola, ma questo non spiega l'e3a70","Are Voynich signs more position-bound than in all languages, and does this explain the e3a70 excess?",preregistrazioni/e3a75.md,risultati/e3a75_posizione_segni.json; risultati/e3a75_posizione_segni.md,MIXED,"i segni del Voynich sono molto legati al loro posto nella parola, ma questo non spiega l'e3a70",no,"(1) 4th percentile, not below all texts (pinyin, one Greek text lower); (2) explains form filling (z 1.2) but not freq–form (z 4.8) or wrong cuts (z 4.4). | src: QUADERNO l.11121"
e3a76,2026-10-04,"le frequenze del Voynich seguono una catena ""quasi di ordine 1, con un po' di ordine 2""; si rilegge l'e3a70","Which shape model (independent signs, positional slots, order-1 or order-2 chain) best explains Voynich word frequencies?",preregistrazioni/e3a76.md,risultati/e3a76_memoria_forma.json; risultati/e3a76_memoria_forma.md,DESCRIPTIVE,Esito preregistrato: memoria di due segni (M2 è il modello migliore per il Voynich).,no,"Calibration passed (96%, 100%). CHECK: categorical outcome, no yes/no claim (could be read as CONFIRMED). CHECK: possibly superseded by e3a85 (secondary reading on generators' order-2 corrected). | src: QUADERNO l.11147"
e3a77,2026-10-04,"""quasi ordine 1"" regge con Takahashi, con Glen Claston e anche in EVA semplice","Does the 'nearly order-1' result (e3a76) hold with other transcription alphabets (Takahashi, Glen Claston)?",preregistrazioni/e3a77.md,risultati/e3a77_memoria_trascrizioni.json; risultati/e3a77_memoria_trascrizioni.md,CONFIRMED,Esito preregistrato: regge con IT e con GC.,no,"Order-2 gain +0.109 (IT), +0.060 (GC), below 0.185; simple EVA +0.152 (descriptive only). | src: QUADERNO l.11179"
e3a78,2026-10-04,una catena di segni per riga spiega da sola sei proprietà su otto; copia dalla riga sopra e margine sinistro no,"Does a per-line order-2 sign chain reproduce properties 1, 2, 5–8 but not line-above copying and left-margin avoidance, as predicted?",preregistrazioni/e3a78.md; preregistrazioni/e3a80.md,risultati/e3a78_cosa_spiega_la_catena.json; risultati/e3a78_cosa_spiega_la_catena.md; risultati/e3a80_catena_takahashi.md,CONFIRMED,Esito: esattamente la previsione.,no,Prediction written before running. Within/across-word chain R 0.76 (just). Chain trained on the Voynich itself. Replicated with IT (e3a80) and GC (e3a92). | src: QUADERNO l.11197
e3a79,2026-10-04,la prima parola della riga si copia dalla riga sopra quanto le altre,Does the scribe copy from the line above also at the start of the line (first word as much as the others)?,preregistrazioni/e3a79.md,risultati/e3a79_copia_per_posizione.json; risultati/e3a79_copia_per_posizione.md,CONFIRMED,"Differenza prima − in mezzo: −0,002 (IC −0,019 – +0,014). Esito preregistrato: come le altre.",no,"CHECK: the title question is answered yes, but the prereg's unifying hypothesis (first word copied less) did not hold ('non regge'). | src: QUADERNO l.11223"
e3a80,2026-10-04,la sintesi dell'e3a78 regge con la trascrizione di Takahashi,"Does the e3a78 synthesis (six properties reproduced, two not) hold with Takahashi's transcription?",preregistrazioni/e3a80.md,risultati/e3a80_catena_takahashi.json; risultati/e3a80_catena_takahashi.md,CONFIRMED,Esito preregistrato: la sintesi regge.,no,Replication of e3a78; same split. | src: QUADERNO l.11241
e3a81,2026-10-04,apertura del paragrafo e -ey che cresce scendendo non vengono dalla catena per riga,Does the per-line sign chain reproduce the paragraph opening (p/f) and the growth of -ey down the page?,preregistrazioni/e3a81.md,risultati/e3a81_catena_pagina.json; risultati/e3a81_catena_pagina.md,REFUTED,apertura del paragrafo e -ey che cresce scendendo non vengono dalla catena per riga,no,R 0.00 and −0.13 ('serve un meccanismo in più'). CHECK: REFUTED answers the title question; the written prediction (R<0.25 for both) was confirmed. Replicated with IT in e3b79. | src: QUADERNO l.11259
e3a82,2026-10-04,la copia dalla riga sopra non spinge verso -ey; la crescita di -ey scendendo ha un'altra origine,Does -ey grow down the page because copying turns -dy into -ey?,preregistrazioni/e3a82.md,risultati/e3a82_copia_dy_ey.json; risultati/e3a82_copia_dy_ey.md,REFUTED,Esito preregistrato: la copia non ha direzione.,no,q1 0.472 (p 0.41). Synthetic code test redone after launch with correct pairs; code unchanged. | src: QUADERNO l.11274
e3a83,2026-10-04,lo scriba copia un po' di più dalla fine della riga sopra (le parole appena scritte),Does the scribe preferentially copy from the end of the line above?,preregistrazioni/e3a83.md,risultati/e3a83_copia_recente.json; risultati/e3a83_copia_recente.md,CONFIRMED,Esito preregistrato: copia di preferenza dalla fine della riga sopra.,no,"+0.009 (CI +0.002–+0.016), small; replicated with IT (e3a84). CHECK: possibly superseded by e3a87 (reading corrected: effect stays, but line-above copying is uniform, not memory). | src: QUADERNO l.11293"
e3a84,2026-10-04,la preferenza per la fine della riga sopra si ritrova con Takahashi,Does the preference for copying from the end of the line above replicate with Takahashi?,preregistrazioni/e3a84.md,risultati/e3a84_copia_recente_it.json; risultati/e3a84_copia_recente_it.md,CONFIRMED,Esito preregistrato: si ritrova.,no,IT +0.009 (CI +0.003–+0.017). | src: QUADERNO l.11310
e3a85,2026-10-04,"la memoria di due segni del Voynich è come quella di Naibbe e di Timm e Schinner, molto meno delle lingue",Does the Voynich have more within-word two-sign memory than all four generators?,preregistrazioni/e3a85.md,risultati/e3a85_memoria_due_dove.json; risultati/e3a85_memoria_due_dove.md,REFUTED,Esito preregistrato: come i generatori (dentro il loro intervallo).,no,"Excess 0.233; Naibbe 0.231, T&S 0.305, U2/U3 0.04–0.06; Voynich below all 71 texts. Corrects a reading of e3a76. | src: QUADERNO l.11316"
e3a86,2026-10-04,nella stessa riga le ripetizioni sono il doppio di quelle che la catena di segni produce,Are same-line word repetitions more frequent than the per-line sign chain produces (chain R<0.25)?,preregistrazioni/e3a86.md,risultati/e3a86_ripetizioni_riga.json; risultati/e3a86_ripetizioni_riga.md,MIXED,"Esito preregistrato: in parte, per tutte e tre.",no,"Chain gives about half the repetitions (R 0.36–0.51), partial by the prereg rule. CHECK: possibly superseded by e3a87 (joint 'single behaviour' reading with e3a83 corrected). | src: QUADERNO l.11342"
e3a87,2026-10-04,"nella riga la ripresa cala con la distanza, dalla riga sopra no: due meccanismi","At equal distance, is a word from the line above re-used more than one from the same line (rather than memory only)?",preregistrazioni/e3a87.md; preregistrazioni/e3a88.md,risultati/e3a87_ripresa_distanza.json; risultati/e3a87_ripresa_distanza.md; risultati/e3a88_ripresa_distanza_it.md,CONFIRMED,Esito preregistrato: la riga sopra conta di più.,no,"−0.0012 (CI −0.0022 to −0.0003); replicated in e3a88. Qualified by e3a89: the 'line above counts more' pattern also occurs in languages, so it is not Voynich-specific; the preregistered outcome stands. | src: QUADERNO l.11359 | reviewed in the final cross-batch review"
e3a88,2026-10-04,le due riprese dell'e3a87 si ritrovano con Takahashi,"Do the two re-use patterns of e3a87 (in-line decay, flat from the line above) replicate with Takahashi?",preregistrazioni/e3a88.md,risultati/e3a88_ripresa_distanza_it.json; risultati/e3a88_ripresa_distanza_it.md,CONFIRMED,Esito preregistrato: si ritrova.,no,Qualified by e3a89: 'line above counts more' also occurs in languages; the in-line decay is the distinctive part. | src: QUADERNO l.11392
e3a89,2026-10-04,"nelle lingue la ripetizione nella riga cresce con la distanza, nel Voynich cala",Does the line break organise word repetition only in the Voynich (difference and in-line decay below the languages' 10th pct)?,preregistrazioni/e3a89.md,risultati/e3a89_ripresa_lingue.json; risultati/e3a89_ripresa_lingue.md,MIXED,Esito preregistrato: in parte. Il calo nella riga sta sotto il 10° percentile delle lingue; la differenza stessa riga − a cavallo no (17° percentile).,"yes: pair threshold lowered 2,000→500 after a control-only code test, before new Voynich data (declared in the prereg)",47 texts used. Corrects the reading of e3a87. External reviewer (QUADERNO l.15981) noted 9% of languages below the Voynich on the decay. | src: QUADERNO l.11400
e3a90,2026-10-04,nessun generatore e nemmeno il gibberish umano ha la ripetizione ravvicinata del Voynich,Do the generators and human gibberish show the Voynich's close-range within-line repetition (decay ratio <0.5)?,preregistrazioni/e3a90.md,risultati/e3a90_ripresa_generatori.json; risultati/e3a90_ripresa_generatori.md,MIXED,"Lettura: nessun testo di confronto ha la firma del Voynich (ripetizione forte subito, spenta in 6–7 parole).",yes: rule defect declared (ratio meaningless when excesses are ~0); Naibbe's literal 'like the Voynich' overridden by judgement,"Literal per-text labels: Naibbe 'ripete subito come il Voynich' (decline < 0.5), U2/U3/gibberish 'come le lingue', Timm & Schinner 'in mezzo'. Author declared a rule defect (ratio meaningless when both excesses ≈ 0) and reads that no comparison text has the Voynich signature -> would be REFUTED. CHECK. | src: QUADERNO l.11421 | reviewed in the final cross-batch review"
e3a91,2026-10-04,la ripetizione di memoria corta nella riga vale in lingua A e B e per ogni scriba,"Does the short-memory repetition within the line hold in Currier A, B and for each hand?",preregistrazioni/e3a91.md,risultati/e3a91_ripresa_parti.json; risultati/e3a91_ripresa_parti.md,CONFIRMED,Esito preregistrato: regge in tutte e cinque le parti.,no,src: QUADERNO l.11444
e3a92,2026-10-04,con l'alfabeto di Glen Claston reggono sia la sintesi della catena sia la ripetizione di memoria corta,Do the chain synthesis (e3a78) and the short-memory repetition hold with Glen Claston's alphabet?,preregistrazioni/e3a92.md,risultati/e3a92_glen_claston.json; risultati/e3a92_glen_claston.md,CONFIRMED,con l'alfabeto di Glen Claston reggono sia la sintesi della catena sia la ripetizione di memoria corta,no,Part 1 and part 2 both 'regge'; decay 0.36 (weaker than EVA 0.12) but under the 0.5 threshold. | src: QUADERNO l.11460
e3a93,2026-10-04,"quando lo scriba ripete subito una parola cambiandone l'inizio, il cambio rispetta il raccordo","When a word is immediately repeated with a changed beginning, does the change improve the junction with the previous word?",preregistrazioni/e3a93.md; preregistrazioni/e3a96.md,risultati/e3a93_ripetizione_raccordo.json; risultati/e3a93_ripetizione_raccordo.md; risultati/e3a96_ripetizione_raccordo_it.md,CONFIRMED,Esito preregistrato: la ripetizione rispetta il raccordo.,no,Delta +0.167 (CI +0.103–+0.231) vs distance-2 control +0.045. Replicated with IT (e3a96). | src: QUADERNO l.11478
e3a94,2026-10-04,anche la fine cambiata di una ripetizione si raccorda con la parola dopo (con una cautela sulla direzione),"When a word is immediately repeated with a changed ending, does the change fit the following word (look-ahead)?",preregistrazioni/e3a94.md,risultati/e3a94_ripetizione_avanti.json; risultati/e3a94_ripetizione_avanti.md,CONFIRMED,Esito preregistrato: la ripetizione guarda avanti.,no,"Delta +0.283 (CI +0.126–+0.456); also at distance 2, as expected. Author: test cannot establish the direction of adaptation. | src: QUADERNO l.11499"
e3a95,2026-10-04,nessun generatore evita di cominciare la riga come la precedente (U3 anzi ripete),"Do the generators avoid starting a line like the previous one, as the Voynich does?",preregistrazioni/e3a95.md,risultati/e3a95_margine_generatori.json; risultati/e3a95_margine_generatori.md,REFUTED,Nessuno evita come il Voynich.,no,Naibbe and Timm & Schinner do not avoid; U2 uncertain; U3 repeats (ratio 2.05). Voynich 0.51. | src: QUADERNO l.11519
e3a96,2026-10-04,la ripetizione che si adatta al raccordo si ritrova con Takahashi,Does the junction-adapted repetition (e3a93) replicate with Takahashi?,preregistrazioni/e3a96.md,risultati/e3a96_ripetizione_raccordo_it.json; risultati/e3a96_ripetizione_raccordo_it.md,CONFIRMED,Esito preregistrato: si ritrova.,no,IT Delta +0.172 (CI +0.112–+0.233); distance 2 +0.030. | src: QUADERNO l.11538
e3a97,2026-10-04,"il salto di un disegno azzera anche la ripetizione immediata, come l'a capo","Does a drawing gap reset immediate word repetition, as a line break does?",preregistrazioni/e3a97.md,risultati/e3a97_salto_ripetizione.json; risultati/e3a97_salto_ripetizione.md,SUPERSEDED,Esito preregistrato: il salto azzera la ripetizione immediata.,no,"Only 665 pairs across gaps. e3b68 'Correzione dell'e3a97': at the line break repetition is reduced to ~1/4, not zeroed; at the gap uncertain. | orig=CONFIRMED; superseded_by=e3b68 | src: QUADERNO l.11543"
e3a98,2026-10-04,"la catena di segni riproduce la quantità di vocabolario, ma fa il 15% di parole uniche in più","Is the Voynich's amount of vocabulary (types, hapax share, Zipf slope) what its own sign chain produces?",preregistrazioni/e3a98.md,risultati/e3a98_vocabolario_catena.json; risultati/e3a98_vocabolario_catena.md,MIXED,Esito preregistrato: riprodotte la quantità di parole diverse (appena) e la forma della legge di Zipf; le parole uniche sono il 15% in più nella catena.,no,"No prediction written. 2 of 3 measures reproduced (R 1.09, 1.03); hapax share R 1.15. | src: QUADERNO l.11559"
e3a99,2026-10-04,nel Voynich lo spazio facoltativo non segue la parola intera come nelle lingue (il segno negativo va tarato),"Does the optional space depend on the whole word (lexical preference), not only on the neighbouring signs?",preregistrazioni/e3a99.md; preregistrazioni/e3b01.md,risultati/e3a99_spazio_lessicale.json; risultati/e3a99_spazio_lessicale.md; risultati/e3b01_taratura_lessicale.md,REFUTED,"Esito preregistrato alla lettera: ""al contrario"".","yes: method bias (leave-one-out counts push negative) found after running; calibration not foreseen, done in e3b01",Positive control passed (+4.4 to +7.0); Voynich −0.86. Qualified by e3b01–e3b03: the negative sign was a piece-length effect; lexical preference minimal. | src: QUADERNO l.11575
e3b01,2026-10-04,"tarata, la differenza lessicale del Voynich resta negativa (z −12,8), ma il nullo non tiene conto di quanto spazia ogni pagina","Against a null where spaces depend only on the 4 neighbouring signs, does the Voynich show a (here contrary) lexical preference?",preregistrazioni/e3b01.md; preregistrazioni/e3b02.md,risultati/e3b01_taratura_lessicale.json; risultati/e3b01_taratura_lessicale.md; risultati/e3b02_lessicale_pagina.md,SUPERSEDED,Esito preregistrato alla lettera: una preferenza contraria.,yes: null found limited after running (ignores page/hand spacing propensity); redone in e3b02,z −12.8. e3b03 'Correzione delle letture provvisorie dell'e3b01 e dell'e3b02': it was a piece-length effect. CHECK: claim direction (calibration with 3 outcomes). | orig=CONFIRMED; superseded_by=e3b03 | src: QUADERNO l.11597
e3b02,2026-10-04,"con il nullo dentro la pagina la ""preferenza contraria"" si riduce molto ma resta piccola",Does the 'contrary preference' of e3b01 remain with a within-page null?,preregistrazioni/e3b02.md,risultati/e3b02_lessicale_pagina.json; risultati/e3b02_lessicale_pagina.md,SUPERSEDED,"Esito preregistrato: preferenza contraria (z −6,2 anche dentro la pagina).",no,Within-page null explains ~70% (−0.60 of −0.86). e3b03 corrects the reading: it was a piece-length effect. | orig=CONFIRMED; superseded_by=e3b03 | src: QUADERNO l.11617
e3b03,2026-10-04,"lo spazio facoltativo dipende dalla lunghezza dei pezzi, non dalla parola; la ""preferenza contraria"" era la lunghezza",Does the 'contrary preference' disappear when the length of the two pieces is held fixed?,preregistrazioni/e3b03.md,risultati/e3b03_lessicale_lunghezza.json; risultati/e3b03_lessicale_lunghezza.md,MIXED,"Esito preregistrato alla lettera: ""a parità di lunghezza appare una preferenza lessicale"" (z +2,0, proprio sulla soglia).",no,Contrary preference gone (−0.861 → +0.105) but literal label is the third category (z +2.0 on threshold; size +0.04 vs Latin +4.0). CHECK: neither 'sparisce' nor 'resta'; author reads it as length. | src: QUADERNO l.11637
e3b04,2026-10-04,con Takahashi lo spazio dipende dalla lunghezza e quasi niente dalla parola,Does the optional space depend on piece length and not on the word also with Takahashi?,preregistrazioni/e3b04.md,risultati/e3b04_lessicale_lunghezza_it.json; risultati/e3b04_lessicale_lunghezza_it.md,CONFIRMED,Esito preregistrato: si ritrova.,no,IT lexical excess +0.05 (z +3.2) vs Latin +4.0; length profile as in ZL. | src: QUADERNO l.11667
e3b05,2026-10-04,"lo spazio ""non lessicale"" del Voynich c'è anche in Timm e Schinner, non negli altri generatori né nel gibberish umano","In the generators and human gibberish, does the optional space follow the whole word (lexical)?",preregistrazioni/e3b05.md,risultati/e3b05_lessicale_generatori.json; risultati/e3b05_lessicale_generatori.md,MIXED,"Esito preregistrato: Naibbe ha spazio lessicale; U2, U3 e il gibberish umano stanno in mezzo; Timm e Schinner fa come il Voynich.",no,"Per-text outcomes differ. Null changed before the prereg commit after a Naibbe-only test (declared in prereg), so not counted as deviation. | src: QUADERNO l.11677"
e3b06,2026-10-04,"le ""scelte di grafia per riga"" (e206b) sono memoria corta, non scelte della riga",Does within-line agreement of optional spelling choices decay with distance (short memory) rather than stay constant (line choice)?,preregistrazioni/e3b06.md,risultati/e3b06_scelte_riga_distanza.json; risultati/e3b06_scelte_riga_distanza.md,CONFIRMED,Esito preregistrato: memoria corta (cala).,no,"Near +0.031, far −0.001. Two-alternative question; claim = short memory. Corrects reading of e206b (outside batch). Qualified by e3b54/e3b56: also found in real scribes. | src: QUADERNO l.11701"
e3b07,2026-10-04,"la memoria corta delle scelte di grafia regge con Takahashi; il controllo ""senza parole simili"" ha un difetto",Does the short memory of spelling choices hold with Takahashi (a) and without similar-word pairs (b)?,preregistrazioni/e3b07.md,risultati/e3b07_scelte_memoria_controlli.json; risultati/e3b07_scelte_memoria_controlli.md,SUPERSEDED,"Esito (a), IT: regge. Esito (b): ZL, senza parole simili: era solo ripetizione di parole; IT, senza parole simili: era solo ripetizione di parole.",yes: criterion defect declared after running (removing similar pairs lowers all agreement; comparison should be near minus far),"(a) yes, (b) literal no. e3b08 'Corregge l'esito alla lettera dell'e3b07': memory of choices persists without similar pairs. | orig=MIXED; superseded_by=e3b08 | src: e3b07_scelte_memoria_controlli.md"
e3b08,2026-10-04,"lo scriba ricorda per 2–3 parole le scelte di grafia, anche quando non ripete la parola","Without similar-word pairs, do spelling choices agree more at short than at long distance, in ZL and IT?",preregistrazioni/e3b08.md,risultati/e3b08_scelte_differenza.json; risultati/e3b08_scelte_differenza.md,CONFIRMED,Esito preregistrato: memoria delle scelte.,no,"+0.027 / +0.026, CIs above 0. Qualified by method note QUADERNO l.12734 and e3b56: similar-pair exclusion was biased; corrected method confirms memory beyond words. | src: QUADERNO l.11744"
e3b09,2026-10-04,nessun generatore ha la memoria corta delle scelte di grafia,Do the published generators have the short memory of spelling choices?,preregistrazioni/e3b09.md,risultati/e3b09_scelte_generatori.json; risultati/e3b09_scelte_generatori.md,REFUTED,"Esito preregistrato: no, per tutti e quattro.",no,"Wide CIs at 10,000 words. Qualified by e3b57: conclusion holds with the corrected method (U3 weak). | src: QUADERNO l.11761"
e3b10,2026-10-04,l'a capo azzera anche la memoria delle scelte di grafia,Does the short memory of spelling choices cross the line break?,preregistrazioni/e3b10.md,risultati/e3b10_scelte_a_capo.json; risultati/e3b10_scelte_a_capo.md,SUPERSEDED,Esito preregistrato: l'a capo azzera la memoria delle scelte.,no,Replicated with IT (e3b35). e3b65/e3b66: comparison with page mean was wrong (edge forms); with proper expectation ~45% of the memory crosses the break ('è sbagliato'). | orig=REFUTED; superseded_by=e3b66 | src: QUADERNO l.11778
e3b11,2026-10-04,"l'obiezione ""spazi fra sillabe"" non si può provare col pinyin (troppo pochi punti facoltativi)","In a script with separated syllables (pinyin), does the optional space follow the whole unit?",preregistrazioni/e3b11.md,risultati/e3b11_lessicale_sillabe.json; risultati/e3b11_lessicale_sillabe.md,NULL/INCONCLUSIVE,"Esito preregistrato: n.d. Nel pinyin lo spazio fra sillabe è quasi sempre certo (sotto la soglia di 500 punti facoltativi), quindi la domanda non si può porre.",no,Insufficient data (454 and 77 optional points < 500). Maori reference lexical (+3.18). | src: QUADERNO l.11795
e3b12,2026-10-04,il calo degli spazi facoltativi a fine riga resta a parità di lunghezza dei pezzi,Do optional spaces still drop at the end of the line at equal piece length?,preregistrazioni/e3b12.md,risultati/e3b12_fine_riga_lunghezza.json; risultati/e3b12_fine_riga_lunghezza.md,CONFIRMED,Esito preregistrato: il calo a fine riga resta a parità di lunghezza.,no,"−0.039, p 0.001 (−0.109 with pair strata only). | src: QUADERNO l.11815"
e3b13,2026-10-04,la memoria corta di qo-/o- resta a parità di raccordo con la parola prima,Does the short memory of qo-/o- persist at equal junction class of the preceding word?,preregistrazioni/e3b13.md,risultati/e3b13_qo_raccordo.json; risultati/e3b13_qo_raccordo.md,SUPERSEDED,Esito preregistrato: la memoria di qo-/o- resta a parità di raccordo.,no,"CI +0.003–+0.084, just above 0. e3b36: IT replication 'non regge' and 'Correzione della lettura dell'e3b13': a hint, not a result. | orig=CONFIRMED; superseded_by=e3b36 | src: QUADERNO l.11830"
e3b14,2026-10-04,"la memoria delle scelte di grafia dura 1–2 parole in lingua A, circa 4 in lingua B",Is the spelling-choice memory short-lived (half-life ≤4 words) in both Currier A and B?,preregistrazioni/e3b14.md,risultati/e3b14_memoria_profilo.json; risultati/e3b14_memoria_profilo.md,SUPERSEDED,"Esito preregistrato: lingua A ""memoria di breve durata"" (si dimezza a 2 parole); lingua B ""in mezzo"" (si dimezza solo a 5 parole: resta alta fino a 4 e poi cade).",no,"A yes, B 'in mezzo'. e3b34 'correzione di e3b14/e3b21': A/B difference not demonstrated (half-lives without CI, fragile); short memory itself stands. | orig=MIXED; superseded_by=e3b34 | src: QUADERNO l.11847"
e3b15,2026-10-04,con la memoria corta le scelte di grafia restano libere per più del 90%,Does the short memory make spelling choices markedly less free (RM removes ≥3 points more uncertainty than R for qo/o)?,preregistrazioni/e3b15.md,risultati/e3b15_scelte_libere.json; risultati/e3b15_scelte_libere.md,REFUTED,Esito preregistrato: la memoria aggiunge poco.,no,"qo/o: R 8.2%, RM 8.5%; choices stay >90% free. Author: room for hidden information in principle, not evidence of it. | src: QUADERNO l.11867"
e3b16,2026-10-04,"una -m in mezzo alla riga non segna una pausa: dopo, si continua come dopo -n","After a mid-line word ending in -m, does the next word start as at a line start (i.e. does mid-line -m mark a pause)?",preregistrazioni/e3b16.md,risultati/e3b16_m_pausa.json; risultati/e3b16_m_pausa.md,REFUTED,dopo -m è come dopo un'altra finale.,no,Closest distribution is 'after -n' (JS 0.042); line start far (0.211); CI of difference +0.107 to +0.216. | src: QUADERNO l.11886
e3b17,2026-10-04,"unendo le varianti di grafia il Voynich non diventa più simile a una lingua, anzi il contrario","Does merging spelling variants (sh->ch, initial q dropped, e-runs->e) make the Voynich more language-like?",preregistrazioni/e3b17.md,risultati/e3b17_varianti_unite.json; risultati/e3b17_varianti_unite.md,REFUTED,le varianti non nascondono una lingua.,no,Merged text stays above the 90th percentile of languages on all 4 measures (values rise slightly). Verbose-cipher codings not covered. | src: QUADERNO l.11911
e3b18,2026-10-04,"la memoria corta è separata per ogni scelta, non un ""modo"" di scrivere comune",Is the short-range memory of spelling choices separate for each choice class (no common transient 'writing mode')?,preregistrazioni/e3b18.md,risultati/e3b18_memoria_incrociata.json; risultati/e3b18_memoria_incrociata.md,CONFIRMED,memoria per classe.,no,"CHECK: e3b35 (IT) failed to replicate (cross-class link +0.005, CI above 0) and wrote 'Correzione della lettura dell'e3b18'; later e3c43 (clean measure) 'Conferma l'e3b18'. Possibly SUPERSEDED. | src: QUADERNO l.11937"
e3b19,2026-10-04,anche k/t ha la memoria corta; il numero di i e la vocale iniziale no,"Do other optional spelling choices (k/t, ckh/cth, number of i, initial a/o, ain/aiin) show short-range memory?",preregistrazioni/e3b19.md,risultati/e3b19_altre_scelte.json; risultati/e3b19_altre_scelte.md,MIXED,memoria corta per k/t; nessuna per il numero di i; vocale iniziale con troppo pochi dati per dire (intervallo largo).,no,"Per-class criterion: k/t memory; aiiin/aiin and ain/aiin none; ar/al vs or/ol none (wide CI, few data); ckh/cth insufficient data. | src: QUADERNO l.11952"
e3b20,2026-10-04,"la memoria corta si consuma con le lettere scritte, non solo con le parole","Does choice memory decay with the number of letters written in between, not only with the number of words?",preregistrazioni/e3b20.md,risultati/e3b20_memoria_segni.json; risultati/e3b20_memoria_segni.md,CONFIRMED,la memoria si misura (anche) in segni.,no,"Difference few-many letters +0.028 (CI +0.013 to +0.042). Replicated by e3b26 (no very short words), e3b35 (IT) and e3b80 (final method). | src: QUADERNO l.11981"
e3b21,2026-10-04,"anche misurata in lettere, la memoria delle scelte dura molto di più in lingua B","Measured in letters written, does the choice memory last equally long in languages A and B?",preregistrazioni/e3b21.md; preregistrazioni/e3b33.md,risultati/e3b21_memoria_lettere_ab.json; risultati/e3b21_memoria_lettere_ab.md; risultati/e3b33_memoria_ab_it.md,SUPERSEDED,B ricorda più a lungo anche in lettere.,no,"Claim = equal duration; outcome 'B longer' (half-life A 5-9 vs B 20-29 letters). e3b33 (IT) did not replicate; e3b34 explicitly corrects e3b21: A/B difference not demonstrated (half-lives fragile, no CI). | orig=REFUTED; superseded_by=e3b33; e3b34 | src: QUADERNO l.11999"
e3b22,2026-10-04,la mano 3 in lingua A ha troppo poco testo; le tre mani di B hanno tutte la memoria lunga,Is B's longer choice memory a property of the language rather than of the scribe (natural experiment: hand 3 writes in A and B)?,preregistrazioni/e3b22.md,risultati/e3b22_memoria_mani.json; risultati/e3b22_memoria_mani.md,NULL/INCONCLUSIVE,dati insufficienti (la mano 3 ha solo 2 pagine in lingua A).,no,Hand 3 has only 2 pages (54 pairs) in A. CHECK: e3b34 explicitly corrects the reading of e3b22 ('longer memory in B' not demonstrated); preregistered outcome (insufficient data) unaffected; possibly SUPERSEDED. | src: QUADERNO l.12021
e3b23,2026-10-04,"la durata della memoria cambia con la sezione (erbario corta, ricette e testo continuo lunga)","Within language B, is the long choice memory present in all sections?",preregistrazioni/e3b23.md,risultati/e3b23_memoria_sezioni.json; risultati/e3b23_memoria_sezioni.md,SUPERSEDED,dipende dalla sezione.,no,"Original: memory depends on section (herbal B short, recipes/text-only B long). e3b34 explicitly corrects the readings of e3b14/e3b21/e3b22/e3b23: half-life estimates without CI proved fragile. | orig=REFUTED; superseded_by=e3b34 | src: QUADERNO l.12039"
e3b24,2026-10-04,anche dentro i tratti scritti di seguito l'erbario ha memoria corta; non erano i disegni,"Counting only pairs within continuous written stretches (not across drawings), is choice memory still short in the herbal section?",preregistrazioni/e3b24.md,risultati/e3b24_memoria_tratti.json; risultati/e3b24_memoria_tratti.md,CONFIRMED,la differenza fra sezioni resta.,no,Herbal B half-life stays 5-9 letters. Entry itself warns estimates rest on few data. CHECK: possibly superseded by e3b34 (same half-life method declared fragile for e3b21-e3b23; e3b24 not named). | src: QUADERNO l.12060
e3b25,2026-10-04,"nel Voynich una coppia di parole vicine su 100 è una ripetizione esatta, dieci volte le lingue",Does the Voynich repeat the immediately preceding word more often than all 71 meaningful texts?,preregistrazioni/e3b25.md,risultati/e3b25_ripetizioni_grezze.json; risultati/e3b25_ripetizioni_grezze.md,CONFIRMED,ripete subito più di tutte le lingue.,no,Voynich 1.01% identical adjacent pairs vs language max 0.71% (toki pona). Declared gap: no real medieval scribe control. Extended by e3c65 and e3c80. | src: QUADERNO l.12082
e3b26,2026-10-04,la memoria si consuma con le lettere anche senza le parole cortissime in mezzo,Does choice memory still decay with intervening letters when very short intervening words are excluded?,preregistrazioni/e3b26.md,risultati/e3b26_memoria_segni_controllo.json; risultati/e3b26_memoria_segni_controllo.md,CONFIRMED,si consuma con le lettere anche così.,no,Difference short-long intervening word +0.035 (CI +0.015 to +0.056). Confirmed by e3b80. | src: QUADERNO l.12104
e3b27,2026-10-04,confronto fra pagine con un difetto (l'ultima riga è più corta); nessuna differenza fra pagine affiancate e stesso foglio,Does copying from the line above carry over from a page's last line to the next page's first line (more for facing pages)?,preregistrazioni/e3b27.md,risultati/e3b27_ripresa_pagine.json; risultati/e3b27_ripresa_pagine.md,SUPERSEDED,la pagina interrompe la ripresa.,"yes: control found unfair after running (last lines are shorter), outcome reported only 'alla lettera'; redone in e3b28","Literal label 'la pagina interrompe la ripresa'. Control declared unfair after running (last lines are shorter); redone in e3b28, which upholds it ('non passa né la pagina né il paragrafo'). UPHELD. | orig=REFUTED; superseded_by=e3b28 | UPHELD: superseded for a method error, conclusion upheld by e3b28 | src: QUADERNO l.12111 | reviewed in the final cross-batch review"
e3b28,2026-10-04,la ripresa dalla riga sopra non passa né la pagina né il paragrafo,"With length-matched control lines, does copying from the line above carry over across the page break?",preregistrazioni/e3b28.md,risultati/e3b28_ripresa_pagine_lunghezza.json; risultati/e3b28_ripresa_pagine_lunghezza.md,REFUTED,la pagina interrompe la ripresa.,no,Excess +0.001 (CI -0.023 to +0.025); same across paragraphs. Replicated with IT in e3b36. | src: QUADERNO l.12131
e3b29,2026-10-04,"la copia dalla riga sopra è quasi sparsa, non a raffiche",Is copying from the line above bursty (some lines near-copies) rather than sparse?,preregistrazioni/e3b29.md,risultati/e3b29_copia_raffiche.json; risultati/e3b29_copia_raffiche.md,NULL/INCONCLUSIVE,incerto (le righe quasi copiate stanno fra il 95° e il 99° percentile del nullo; la varianza no).,no,Null replaced before prereg commit (not a deviation). Reading: copying almost entirely sparse. | src: QUADERNO l.12150
e3b30,2026-10-04,dalla riga sopra si riprendono in proporzione di più le parole rare,Are rare words of the line above re-used proportionally more than frequent words?,preregistrazioni/e3b30.md; preregistrazioni/e3b32.md,risultati/e3b30_copia_frequenza.json; risultati/e3b30_copia_frequenza.md; risultati/e3b32_forme_rare_it.md,SUPERSEDED,la copia favorisce le parole rare.,no,"Original: rare +31% vs frequent +15%. e3b32 (IT) did not replicate and explicitly corrects the reading of e3b30: rare-word preference not robust, only a tendency. | orig=CONFIRMED; superseded_by=e3b32 | src: QUADERNO l.12166"
e3b31,2026-10-04,"la ripetizione dentro la riga favorisce le parole rare, e le parole uniche hanno spesso una ""sorella"" appena prima",Does within-line short-range repetition also favour rare words over frequent ones?,preregistrazioni/e3b31.md; preregistrazioni/e3b32.md,risultati/e3b31_memoria_frequenza.json; risultati/e3b31_memoria_frequenza.md; risultati/e3b32_forme_rare_it.md,SUPERSEDED,anche la memoria corta favorisce le parole rare.,no,QUADERNO l.12202 corrects the 'many unique words have a nearby sister' reading (only ~1% extra); e3b32 (IT) did not replicate the rare-word preference and explicitly corrects e3b31. | orig=CONFIRMED; superseded_by=e3b32; QUADERNO l.12202 | src: QUADERNO l.12183
e3b32,2026-10-04,con Takahashi la preferenza per le forme rare non si ritrova alla lettera (resta solo una tendenza),Do the rare-word preferences of e3b30 and e3b31 replicate with the Takahashi transcription?,preregistrazioni/e3b32.md,risultati/e3b32_forme_rare_it.json; risultati/e3b32_forme_rare_it.md,REFUTED,non si ritrova in tutte e due le misure (gli intervalli delle rare e delle frequenti si toccano).,no,Same direction in both transcriptions (frequent words always lowest). Corrects e3b30 and e3b31. | src: QUADERNO l.12211
e3b33,2026-10-04,con Takahashi la memoria più lunga in B non si ritrova alla lettera (il criterio della mezza vita è fragile),Does the longer choice memory in language B (e3b21) replicate with the Takahashi transcription?,preregistrazioni/e3b33.md,risultati/e3b33_memoria_ab_it.json; risultati/e3b33_memoria_ab_it.md,REFUTED,non si ritrova (classi vicine).,yes: half-life criterion declared fragile after running (B missed the threshold by 0.0002); follow-up contrast in e3b34,"Half-life A 5-9, B 10-14 letters (adjacent classes). Profiles similar to ZL. Followed by e3b34 (difference not demonstrated). | src: QUADERNO l.12229"
e3b34,2026-10-04,la differenza A/B nella durata della memoria non è dimostrata; correzione di e3b14/e3b21,"Does language B retain choice memory longer than A (B-A contrast at 10-19 intervening letters, ZL and IT)?",preregistrazioni/e3b34.md,risultati/e3b34_memoria_ab_contrasto.json; risultati/e3b34_memoria_ab_contrasto.md,NULL/INCONCLUSIVE,"nessuna differenza dimostrata (in tutte e due le trascrizioni l'intervallo contiene 0, di poco).",no,"Window 10-19 letters chosen after seeing profiles, declared in prereg. Corrects e3b14 (outside batch), e3b21, e3b22, e3b23. e3b60's later A/B difference was itself retracted by e3b62. | src: QUADERNO l.12249"
e3b35,2026-10-04,"con Takahashi reggono tre risultati su quattro; la memoria ""separata per classe"" ha anche una piccola parte comune","Do four ZL-only results (line-end compression, line-break reset of memory, per-class memory, letter-based decay) replicate with Takahashi?",preregistrazioni/e3b35.md,risultati/e3b35_repliche_takahashi.json; risultati/e3b35_repliche_takahashi.md,MIXED,"con Takahashi reggono tre risultati su quattro; la memoria ""separata per classe"" ha anche una piccola parte comune",no,"Hold: e3a64, e3b10, e3b20; fails: e3b18 (corrects its reading). CHECK: e3b66 declares 'memory resets at line break' (e3b10, e3b35, e3b63) wrong, i.e. sub-result 2 partially superseded. | src: QUADERNO l.12268"
e3b36,2026-10-04,con Takahashi reggono gli spazi per mano e l'assenza di ripresa fra pagine; la memoria di qo/o a parità di raccordo no,"Do three more ZL-only results (qo/o memory at equal junction, optional spaces differing by hand, no copying across pages) replicate with Takahashi?",preregistrazioni/e3b36.md,risultati/e3b36_repliche_takahashi_2.json; risultati/e3b36_repliche_takahashi_2.md,MIXED,con Takahashi reggono gli spazi per mano e l'assenza di ripresa fra pagine; la memoria di qo/o a parità di raccordo no,no,"Hold: e3a66, e3b28; fails: e3b13 (IT CI includes 0) -> 'Correzione della lettura dell'e3b13' (outside batch). | src: QUADERNO l.12285"
e3b37,2026-10-04,la memoria corta delle scelte c'è anche nei testi in cerchio,Is the short-range choice memory also present in circular (zodiac/cosmology) texts?,preregistrazioni/e3b37.md,risultati/e3b37_memoria_cerchi.json; risultati/e3b37_memoria_cerchi.md,SUPERSEDED,memoria corta anche nei cerchi.,no,"Raw measure: near-far +0.041 (CI +0.016 to +0.068). e3b83 'Ridimensiona l'e3b37': with the final method +0.072 but CI touches 0, compatible but not demonstrated. | orig=CONFIRMED; superseded_by=e3b83 | src: QUADERNO l.12299 | reviewed in the final cross-batch review"
e3b38,2026-10-04,"nelle pagine ""solo testo"" la memoria delle scelte passa l'a capo (nelle altre no)","On the 6 text-only pages, does choice memory carry across line breaks?",preregistrazioni/e3b38.md,risultati/e3b38_solo_testo_a_capo.json; risultati/e3b38_solo_testo_a_capo.md,SUPERSEDED,nelle pagine solo testo la memoria passa l'a capo.,no,"e3b55 ('Lettura corretta delle e3b38-e3b44': explained by words, not choice memory) and e3b71 ('Correzione delle e3b38-e3b44': text-only pages not different for choice memory). Bootstrap by paragraph (as e3b10 prereg). | orig=CONFIRMED; superseded_by=e3b55; e3b71 | src: QUADERNO l.12313"
e3b39,2026-10-04,"con Takahashi si ritrova: nelle 6 pagine ""solo testo"" la memoria passa l'a capo",Does the line-break-crossing memory on text-only pages (e3b38) replicate with Takahashi?,preregistrazioni/e3b39.md,risultati/e3b39_solo_testo_it.json; risultati/e3b39_solo_testo_it.md,SUPERSEDED,si ritrova.,no,"Replication held (IT +0.094 across, CI above 0), but the e3b38-e3b44 reading was corrected by e3b55 and e3b71 (raw cross-line agreement from words/reference, not choice memory). | orig=CONFIRMED; superseded_by=e3b55; e3b71 | src: QUADERNO l.12330"
e3b40,2026-10-04,"nelle pagine ""solo testo"" le forme di bordo della riga ci sono come altrove","Do the 6 text-only pages also lack the line-edge forms (-m at line end, y/s/d at line start, margin avoidance)?",preregistrazioni/e3b40.md,risultati/e3b40_solo_testo_bordi.json; risultati/e3b40_solo_testo_bordi.md,REFUTED,"le forme di bordo ci sono anche lì, della stessa forza",no,"Edge forms as strong as elsewhere. Partially corrected reading of e3b38/e3b39. CHECK: e3b71 'Correzione delle e3b38-e3b44' covers it by range, but concerns choice memory across line breaks, not edge forms. | src: QUADERNO l.12347"
e3b41,2026-10-04,"la memoria passa l'a capo solo nelle pagine ""solo testo"", non nelle ricette",Is the memory crossing line breaks specific to the text-only pages (not found in other dense sections such as recipes)?,preregistrazioni/e3b41.md,risultati/e3b41_a_capo_sezioni.json; risultati/e3b41_a_capo_sezioni.md,SUPERSEDED,solo le pagine solo testo.,"yes: bootstrap resampled paragraphs, not pages as preregistered (declared, QUADERNO l.12434)",Corrected with e3b38-e3b44 by e3b55 and e3b71; also e3b66: memory passes line breaks in part on normal pages too. | orig=CONFIRMED; superseded_by=e3b55; e3b71 | src: QUADERNO l.12367
e3b42,2026-10-04,"la memoria che passa l'a capo non viene da una pagina, e la stessa mano si comporta diversamente","Is the line-break-crossing memory on text-only pages independent of any single page, and does hand 2 behave differently on text-only vs other pages?",preregistrazioni/e3b42.md,risultati/e3b42_a_capo_mano.json; risultati/e3b42_a_capo_mano.md,SUPERSEDED,"la memoria che passa l'a capo non viene da una pagina, e la stessa mano si comporta diversamente","yes: bootstrap resampled paragraphs, not pages as preregistered (declared, QUADERNO l.12434)","Both preregistered outcomes positive ('non dipende da una pagina'; 'stessa mano, comportamento diverso'). Reading corrected with e3b38-e3b44 by e3b55 and e3b71. | orig=CONFIRMED; superseded_by=e3b55; e3b71 | src: QUADERNO l.12389"
e3b43,2026-10-04,"anche nelle pagine ""solo testo"" c'è la copia dalla riga sopra",Is copying from the line above also present on the text-only pages?,preregistrazioni/e3b43.md,risultati/e3b43_solo_testo_copia.json; risultati/e3b43_solo_testo_copia.md,CONFIRMED,"copia anche nelle pagine solo testo, della stessa forza che altrove.",no,"Ratio 1.19 (CI 1.07-1.31) vs 1.16 elsewhere. CHECK: e3b71 'Correzione delle e3b38-e3b44' covers it by range, but concerns choice memory across line breaks, not copying. | src: QUADERNO l.12412"
e3b44,2026-10-04,la memoria che passa l'a capo regge a livello di pagina e non dipende dalla lunghezza dei paragrafi,"Does the line-break-crossing memory of text-only pages hold at page level, independently of paragraph length?",preregistrazioni/e3b44.md,risultati/e3b44_a_capo_pagine.json; risultati/e3b44_a_capo_pagine.md,SUPERSEDED,la memoria che passa l'a capo regge a livello di pagina e non dipende dalla lunghezza dei paragrafi,no,"Page-level p 0.021 (threshold 0.025), hand 2 p 0.002; not paragraph length. Reading corrected with e3b38-e3b44 by e3b55 and e3b71. | orig=CONFIRMED; superseded_by=e3b55; e3b71 | src: QUADERNO l.12441"
e3b45,2026-10-04,"il raccordo fra righe nelle pagine ""solo testo"": dati insufficienti","On text-only pages, does the qo/o junction rule carry across line breaks?",preregistrazioni/e3b45.md,risultati/e3b45_raccordo_a_capo.json; risultati/e3b45_raccordo_a_capo.md,NULL/INCONCLUSIVE,"dati insufficienti (29 coppie, soglia 30).",no,"Descriptive: on normal pages the junction rule does not cross line breaks (+0.04 vs +0.35 within line), cited as still valid by e3b65/e3b66. | src: QUADERNO l.12472"
e3b46,2026-10-04,"""la copia porta con sé gli spazi"" si ritrova con Takahashi, ma può essere una deriva lungo la pagina","Does 'copying carries the spaces' (e3a74) replicate with Takahashi, and is it specific to the line just above (not slow drift)?",preregistrazioni/e3b46.md,risultati/e3b46_copia_spazi_repliche.json; risultati/e3b46_copia_spazi_repliche.md,MIXED,Esito 1: si ritrova con Takahashi. Esito 2: può essere una deriva.,no,Replication yes; line above does not beat line two above (drift not excluded). Corrects the reading of e3a74 (outside batch). e3b47 then found no measurable drift. | src: QUADERNO l.12492
e3b47,2026-10-04,nessuna deriva misurabile della spaziatura lungo la pagina,Does the propensity to insert optional spaces drift slowly along the page?,preregistrazioni/e3b47.md,risultati/e3b47_deriva_spazi.json; risultati/e3b47_deriva_spazi.md,REFUTED,nessuna deriva (z vicine sotto 2 con tutte e due le trascrizioni).,no,"z(near) +0.9 ZL, +1.9 IT. Residual e3a74/e3b46 effect left unexplained, not for the white paper. | src: QUADERNO l.12516"
e3b48,2026-10-04,fra etichette consecutive la memoria delle scelte si azzera,Do spelling choices carry over from one label to the next (excluding similar words)?,preregistrazioni/e3b48.md,risultati/e3b48_etichette_memoria.json; risultati/e3b48_etichette_memoria.md,REFUTED,fra etichette la memoria si azzera.,no,"Difference consecutive-far -0.006 (CI -0.041 to +0.037), 483 consecutive pairs. | src: QUADERNO l.12535"
e3b49,2026-10-04,"le scelte di grafia non sono legate alla parola intera, solo ai segni vicini",Are spelling choices tied to the whole word beyond what an order-2 sign chain (neighbouring signs) predicts?,preregistrazioni/e3b49.md,risultati/e3b49_scelte_parola.json; risultati/e3b49_scelte_parola.md,REFUTED,solo segni vicini.,no,"Claim: choices tied to the whole word -> 'solo segni vicini'. Qualified by e3b50: Takahashi replication uncertain and test weakly sensitive ('va detto con prudenza'), firm only for k/t; e3b61 later concurs. Also scales down e201. | src: QUADERNO l.12553 | reviewed in the final cross-batch review"
e3b50,2026-10-04,replica con Takahashi incerta e prova poco sensibile: l'e3b49 va detto con prudenza,"Does the e3b49 'neighbouring signs only' result replicate with Takahashi, and is the test sensitive to an added word link?",preregistrazioni/e3b50.md,risultati/e3b50_scelte_parola_controlli.json; risultati/e3b50_scelte_parola_controlli.md,NULL/INCONCLUSIVE,replica con Takahashi incerta e prova poco sensibile: l'e3b49 va detto con prudenza,no,Outcome 1 (IT) 'incerto'; outcome 2 'poco sensibile' (f=0.2 detected in only 2 of 4 classes). Corrects reading of e3b49. | src: QUADERNO l.12579
e3b51,2026-10-04,"controllo naturale con þ e ð anglosassoni: memoria corta non dimostrata, legame con la parola incerto",Does an Anglo-Saxon scribe's þ/ð choice show short-range memory (and is it tied to the word)?,preregistrazioni/e3b51.md,risultati/e3b51_thorn_eth.json; risultati/e3b51_thorn_eth.md,SUPERSEDED,nessuna memoria corta (l'intervallo contiene 0).,yes: absolute comparison judged unfair after the result; whole-word similar-pair exclusion later found biased (QUADERNO l.12734),"Outcome 2 (word link) 'incerto'. e3b54 'sostituisce le letture dell'e3b51, e3b52 ed e3b53'; e3b54's own scribe reading later corrected by e3b70 (not demonstrated). | orig=REFUTED; superseded_by=e3b54 | src: QUADERNO l.12619"
e3b52,2026-10-04,in scala normalizzata la memoria corta del Voynich è compatibile con quella dello scriba anglosassone,"On a normalized scale, does the Voynich have more short-range choice memory than the Anglo-Saxon scribe (þ/ð)?",preregistrazioni/e3b52.md,risultati/e3b52_memoria_normalizzata.json; risultati/e3b52_memoria_normalizzata.md,SUPERSEDED,memoria comparabile.,yes: whole-word similar-pair exclusion later found to bias the measure (QUADERNO l.12734),"Contrast +0.026 (CI -0.074 to +0.130). Readings replaced by e3b54 ('sostituisce le letture dell'e3b51, e3b52 ed e3b53'). | orig=REFUTED; superseded_by=e3b54 | src: QUADERNO l.12640"
e3b53,2026-10-04,"varianti naturali i/y e þ/ð: nell'insieme memoria non visibile, ma classi molto diverse fra loro","Do natural spelling variants (i/y, þ/ð) show short-range memory, while the Voynich has more of it?",preregistrazioni/e3b53.md,risultati/e3b53_varianti_naturali.json; risultati/e3b53_varianti_naturali.md,SUPERSEDED,nelle varianti naturali la memoria corta non si vede (insieme); il Voynich ha più memoria dell'insieme naturale.,yes: whole-word similar-pair exclusion later found to bias the measure (QUADERNO l.12734),Natural memory not seen (no); Voynich more (yes). Heterogeneous classes (þ/ð internal -0.33 = word formulas). Readings replaced by e3b54. | orig=MIXED; superseded_by=e3b54 | src: QUADERNO l.12665
e3b54,2026-10-04,la memoria corta delle scelte grafiche c'è anche negli scribi veri (correzione importante),"With a null keeping words fixed, is there choice memory beyond word preferences in the Voynich and in real scribes' natural variants?",preregistrazioni/e3b54.md; preregistrazioni/e3b56.md,risultati/e3b54_memoria_oltre_parole.json; risultati/e3b54_memoria_oltre_parole.md,SUPERSEDED,"Voynich, memoria oltre le preferenze delle parole; varianti naturali, memoria anche negli scribi veri.",yes: whole-word similar-pair exclusion found biased after running; redone as e3b56 (QUADERNO l.12734),e3b56 replaced the numbers; e3b62 downgraded real-scribe memory; e3b70 'Correzione della lettura dell'e3b54-e3b62': real-scribe memory not demonstrated. Voynich outcome holds. | orig=CONFIRMED; superseded_by=e3b56; e3b62; e3b70 | src: QUADERNO l.12694
e3b55,2026-10-04,"nelle pagine ""solo testo"" l'accordo a cavallo dell'a capo si spiega con le parole, non con la memoria delle scelte",Does the line-break-crossing memory on text-only pages survive the word-fixed null?,preregistrazioni/e3b55.md,risultati/e3b55_solo_testo_oltre_parole.json; risultati/e3b55_solo_testo_oltre_parole.md,REFUTED,non regge.,no,Across effect +0.018 (p 0.33). Corrects reading of e3b38-e3b44. Low-power caveat declared. Confirmed by e3b63 (wide null). | src: QUADERNO l.12745
e3b56,2026-10-04,"con l'esclusione corretta, memoria oltre le parole nel Voynich (ZL e Takahashi) e nello scriba anglosassone","With the corrected similar-pair exclusion, is there choice memory beyond word preferences in the Voynich (ZL, IT) and in real scribes?",preregistrazioni/e3b56.md; preregistrazioni/e3b57.md,risultati/e3b56_memoria_oltre_parole_corretta.json; risultati/e3b56_memoria_oltre_parole_corretta.md,SUPERSEDED,"Voynich ZL e IT, memoria oltre le preferenze delle parole; varianti naturali, memoria anche negli scribi veri.",no,"Voynich outcome holds (numbers underestimated, e3b62). Real-scribe outcome downgraded by e3b62 and corrected by e3b70 ('non è dimostrato'); e3b69: p-values ~2x too optimistic. | orig=CONFIRMED; superseded_by=e3b62; e3b70 | src: QUADERNO l.12771"
e3b57,2026-10-04,con il metodo corretto i generatori non hanno la memoria delle scelte (U3 appena),Do the published generators show choice memory beyond words (corrected method of e3b56)?,preregistrazioni/e3b57.md,risultati/e3b57_memoria_generatori.json; risultati/e3b57_memoria_generatori.md,REFUTED,"Naibbe, U2, Timm e Schinner nessuna memoria; U3 debole",no,"U3 'debole' (+0.012, p 0.046). Confirmed by e3b62 and e3b70 (no memory in all four generators). | src: QUADERNO l.12805"
e3b58,2026-10-04,"lo scriba anglosassone ha un ""raccordo"", ma otto volte più debole di quello del Voynich","Does the Anglo-Saxon scribe also have a 'junction rule' (word-initial þ/ð depending on the previous word's last letter, beyond word preferences)?",preregistrazioni/e3b58.md; preregistrazioni/e3b88.md,risultati/e3b58_raccordo_scriba.json; risultati/e3b58_raccordo_scriba.md,CONFIRMED,"anche lo scriba anglosassone ha un raccordo (p 0,002).",no,Effect/entropy 0.007 vs 0.058 Voynich. CHECK: e3b69 says word-shuffle null p-values of e3b54-e3b63 are ~2x too optimistic; e3b58 (z 3.1) is in that range and was not re-tested. | src: QUADERNO l.12824
e3b59,2026-10-04,la memoria corta delle scelte varia da scriba a scriba (la mano 1 non la ha),Does short-range choice memory vary between scribes (hands)?,preregistrazioni/e3b59.md; preregistrazioni/e3b60.md,risultati/e3b59_memoria_mani.json; risultati/e3b59_memoria_mani.md,SUPERSEDED,solo in alcune mani; le mani differiscono.,yes: null found much less sensitive in hand 1 after the result (QUADERNO l.12910),QUADERNO l.12910 and e3b62 ('difetto del metodo... Ritiro la lettura'); e3c81 'Ritiro della lettura dell'e3b59': same memory in all hands. | orig=CONFIRMED; superseded_by=e3b62; e3c81 | src: QUADERNO l.12846
e3b60,2026-10-04,"con Takahashi si ritrova: memoria delle scelte nelle mani 2 e 3 (lingua B), non nella mano 1 (lingua A)","Does the per-hand memory pattern of e3b59 (hands 2 and 3 yes, hand 1 no) replicate with Takahashi?",preregistrazioni/e3b60.md,risultati/e3b60_memoria_mani_it.json; risultati/e3b60_memoria_mani_it.md,SUPERSEDED,si ritrova con Takahashi.,yes: null found much less sensitive in hand 1 after the result (QUADERNO l.12910),Replication held but the hand difference was a method defect (e3b62: all hands equal with wide null). Its reading of an A/B difference also withdrawn. | orig=CONFIRMED; superseded_by=QUADERNO l.12910; e3b62 | src: QUADERNO l.12869
e3b61,2026-10-04,né in A né in B le scelte sono legate alla parola; B appena meno lontana,"In language A, are spelling choices more tied to the word than in language B?",preregistrazioni/e3b61.md,risultati/e3b61_scelte_parola_ab.json; risultati/e3b61_scelte_parola_ab.md,REFUTED,"""in B più che in A"" (3 classi su 4 con B sopra A di almeno 0,005).",no,Opposite label; in neither language does the word help beyond the chain. Motivating premise (hand 1 lacks memory) later retracted by e3b62. | src: QUADERNO l.12893
e3b62,2026-10-04,"con un nullo più sensibile la memoria c'è in tutte le mani, uguale; nello scriba vero solo per þ/ð a inizio parola","With a more sensitive (stratum-wide) null, is choice memory beyond words found in all hands and in the Voynich, and also in real scribes' variants?",preregistrazioni/e3b62.md; preregistrazioni/e3b70.md,risultati/e3b62_memoria_nullo_largo.json; risultati/e3b62_memoria_nullo_largo.md,MIXED,"mani, in tutte le mani; Voynich ZL e IT, memoria oltre le parole; varianti naturali (insieme), non si vede; generatori, nessuna memoria tutti e quattro.",no,Voynich/hands yes; natural variants no; generators none. e3b69: p-values ~2x optimistic; e3b70 confirms Voynich. CHECK: e3b70 corrects reading of e3b54-e3b62 (real scribe); e3c27 corrects class pattern. | src: QUADERNO l.12928
e3b63,2026-10-04,"col nullo largo, l'azzeramento all'a capo è confermato; nelle pagine di solo testo il passaggio della memoria resta non dimostrato","On text-only pages, does choice memory cross line breaks beyond words with the wide null?",preregistrazioni/e3b63.md,risultati/e3b63_solo_testo_nullo_largo.json; risultati/e3b63_solo_testo_nullo_largo.md,REFUTED,"non regge (p 0,24, soglia 0,20).",no,Across effect +0.036 (p 0.24). CHECK: e3b65/e3b66 declare its headline reading 'line-break reset confirmed' (normal pages) wrong; preregistered text-only outcome unaffected (cf. e3b71). | src: QUADERNO l.12973
e3b64,2026-10-04,col nullo che tiene interi i tratti la memoria sembra passare salto e a capo (da verificare),Does choice memory pass a drawing gap or a line break (null keeping written stretches intact)?,preregistrazioni/e3b64.md,risultati/e3b64_memoria_salto.json; risultati/e3b64_memoria_salto.md,CONFIRMED,la memoria passa il salto; passa l'a capo nelle pagine normali e in quelle di solo testo.,yes: first execution had a code error (out-of-class words broke pairs); corrected and rerun (QUADERNO l.12994),CHECK: e3b65 shows part of the effect is similarity of neighbouring lines (normal pages not significant with that control); direction later supported by e3b66/e3b67; possibly superseded. | src: QUADERNO l.13012
e3b65,2026-10-04,"col controllo della riga sopra, l'azzeramento all'a capo non è più dimostrato (e nemmeno il passaggio)","Does choice memory pass the line break/drawing gap, rather than reflecting similarity of neighbouring lines (control: line above)?",preregistrazioni/e3b65.md,risultati/e3b65_a_capo_controllo.json; risultati/e3b65_a_capo_controllo.md,REFUTED,"pagine normali incerto; pagine di solo testo e salto ""righe vicine che si somigliano, non memoria"" (intervallo di D con lo zero).","yes: author judges the rule's label 'neighbouring lines similar, not memory' to reflect low power instead","Literal labels: normal pages 'incerto'; text-only pages and drawing gap 'righe vicine che si somigliano, non memoria' (D +0.04/+0.12/+0.11, CI include 0). Author's post-hoc reading: low power -> would be NULL/INCONCLUSIVE. CHECK: e3b66/e3b67 later find memory passing line break and gap in part. | src: QUADERNO l.13036 | reviewed in the final cross-batch review"
e3b66,2026-10-04,"la memoria delle scelte passa l'a capo, in parte (correzione importante)","Does choice memory pass line breaks (more pairs, two transcriptions, neighbouring-line control)?",preregistrazioni/e3b66.md,risultati/e3b66_a_capo_potenza.json; risultati/e3b66_a_capo_potenza.md,CONFIRMED,la memoria passa l'a capo (almeno in parte).,no,"D +0.039 ZL (CI +0.001 to +0.075), +0.041 IT; ~45% of within-line memory. Corrects e3b10 (outside batch), e3b35, e3b63. CHECK: e3c39 (clean measure) not confirmed, 'stima non confermata'; possibly superseded. | src: QUADERNO l.13065"
e3b67,2026-10-04,la memoria delle scelte passa il salto del disegno,"Does choice memory pass a drawing gap (more pairs, two transcriptions, neighbouring-line control)?",preregistrazioni/e3b67.md,risultati/e3b67_salto_potenza.json; risultati/e3b67_salto_potenza.md,CONFIRMED,la memoria passa il salto (almeno in parte),no,"D +0.068 ZL (CI +0.009 to +0.135), +0.077 IT. CHECK: e3c83 says the e3b67 reading 'non è confermata né smentita' with the later clean measure (few data); possibly superseded. | src: QUADERNO l.13093"
e3b68,2026-10-04,anche la ripetizione di una parola passa in parte l'a capo; al salto incerto,Does word repetition pass the drawing gap and the line break (neighbouring-line control)?,preregistrazioni/e3b68.md,risultati/e3b68_ripetizione_confini.json; risultati/e3b68_ripetizione_confini.md,MIXED,"a capo, la ripetizione passa il confine (circa un quarto dell'eccesso dentro i tratti); salto, incerto (poche coppie, eccesso dentro piccolo).",no,Line break: passes (yes); drawing gap: inconclusive. Corrects e3a97 (outside batch). | src: QUADERNO l.13114
e3b69,2026-10-04,la memoria del Voynich sta quasi tutta oltre la catena; ma i valori p del nullo largo sono troppo ottimisti,Is the choice-memory measure distorted by line-edge forms and the junction rule (control: order-2 chain rewrites)?,preregistrazioni/e3b69.md,risultati/e3b69_memoria_catena.json; risultati/e3b69_memoria_catena.md,MIXED,"in parte (una riscrittura ha p 0,005, quindi la condizione ""nessuna sotto 0,01"" non è soddisfatta), ma la media delle riscritture è praticamente zero",no,Label 'in parte' only because one of 5 rewrites had p 0.005; mean rewrite effect +0.002 (98% of effect beyond chain). Found wide-null p-values of e3b54-e3b63 ~2x too optimistic -> e3b70. | src: QUADERNO l.13135
e3b70,2026-10-04,"con intervalli per pagine intere, la memoria del Voynich regge; quella dello scriba vero non è dimostrata","With whole-page bootstrap intervals, does choice memory beyond words hold in the Voynich, and is it also shown in the real scribe?",preregistrazioni/e3b70.md,risultati/e3b70_memoria_intervalli.json; risultati/e3b70_memoria_intervalli.md,MIXED,"Voynich ZL e IT, memoria oltre le parole; mani, differenze non dimostrate; scriba anglosassone (þ/ð a inizio parola) e insieme naturale, non dimostrata",no,"Voynich yes (+0.086 ZL, +0.076 IT); real scribe not demonstrated; generators none. Corrects e3b54-e3b62. Qualified by e3c14 (~1/3 of value was drift) and e3c27 (class pattern). | src: QUADERNO l.13161"
e3b71,2026-10-04,per la memoria delle scelte le pagine di solo testo non sono diverse dalle altre,"In the 6 text-only pages, does the memory of choices cross the line break more than in the other pages?",preregistrazioni/e3b71.md,risultati/e3b71_solo_testo_potenza.json; risultati/e3b71_solo_testo_potenza.md,REFUTED,non diverso dalle altre pagine.,no,"ZL contrast -0.013 (CI -0.081 to +0.047). Entry also corrects e3b38-e3b44 (outside batch): higher raw cross-break agreement in text-only pages came from the reference, not from memory. | src: QUADERNO l.13195"
e3b72,2026-10-04,"nelle pagine di solo testo la giuntura passa l'a capo anche con Takahashi, e non è somiglianza fra righe vicine","Does the line-junction link of the text-only pages replicate with Takahashi, and is it not mere similarity between neighbouring lines?",preregistrazioni/e3b72.md,risultati/e3b72_giuntura_solo_testo_it.json; risultati/e3b72_giuntura_solo_testo_it.md,CONFIRMED,si ritrova con Takahashi; non è somiglianza fra righe vicine,no,"Both sub-criteria met: IT E +0.149, p 0.0006, calibration 0.001; line-above control E about 0 in ZL and IT. | src: QUADERNO l.13216"
e3b73,2026-10-04,alla fine del paragrafo e al cambio di pagina la memoria non si vede passare,Does the memory of choices cross the end of a paragraph and the change of page?,preregistrazioni/e3b73.md,risultati/e3b73_memoria_paragrafo_pagina.json; risultati/e3b73_memoria_paragrafo_pagina.md,NULL/INCONCLUSIVE,fine paragrafo non dimostrato; cambio di pagina non dimostrato,no,'non dimostrato' is the prereg's not-shown category; page-change test declared low-power in the prereg. Qualified by e3b90 (still about 0 without the paragraph's first word). | src: QUADERNO l.13236
e3b74,2026-10-04,modifiche fra etichette consecutive: dati insufficienti (descrittivo: non cadono sulle scelte),"When consecutive labels differ by one edit, does the edit fall on the free spelling choices more than between non-consecutive labels?",preregistrazioni/e3b74.md,risultati/e3b74_etichette_modifiche.json; risultati/e3b74_etichette_modifiche.md,NULL/INCONCLUSIVE,"dati insufficienti (30 coppie consecutive, soglia 40)",no,30 consecutive one-edit pairs < 40 threshold; difference -0.061 (CI -0.191 to +0.090). Descriptive: edits rarely fall on the choices. | src: QUADERNO l.13256
e3b75,2026-10-04,"lo scriba del Codex Marianus non ripete la variante di ""i"": la alterna",Does the word-initial и/ꙇ choice of the Codex Marianus scribe show short memory like the Voynich choices?,preregistrazioni/e3b75.md,risultati/e3b75_marianus.json; risultati/e3b75_marianus.md,SUPERSEDED,non si vede; meno del Voynich,yes: prereg did not foresee an interval entirely below 0 (effect -0.090); declared and described as alternation,"e3b76 'Correzione della lettura dell'e3b75': the alternation is all in the one-letter conjunction; the Marianus is uninformative on memory, so 'positive memory is not universal' does not hold. | orig=REFUTED; superseded_by=e3b76 | src: QUADERNO l.13278"
e3b76,2026-10-04,l'alternanza del Codex Marianus è tutta nella congiunzione; per le altre parole non si sa,Does the и/ꙇ alternation of the Codex Marianus come from the one-letter conjunction?,preregistrazioni/e3b76.md,risultati/e3b76_marianus_senza_congiunzione.json; risultati/e3b76_marianus_senza_congiunzione.md,CONFIRMED,l'alternanza viene dalla congiunzione.,no,Words of 2+ signs -0.024 (CI -0.203 to +0.151); conjunction -0.260 (CI -0.350 to -0.165). Entry corrects the reading of e3b75. | src: QUADERNO l.13300
e3b77,2026-10-04,il metodo finale è specifico (numero di i e -l/-r senza memoria),"Is the final memory method specific, i.e. do the control classes (number of i, -l/-r) show no memory?",preregistrazioni/e3b77.md,risultati/e3b77_classi_controllo.json; risultati/e3b77_classi_controllo.md,CONFIRMED,il metodo è specifico.,no,"Number of i +0.010 (CI -0.093 to +0.107, wide); -l/-r -0.002 (CI -0.052 to +0.053). | src: QUADERNO l.13319"
e3b78,2026-10-04,la stima di memoria dello scriba anglosassone non regge separando le parole grammaticali,Does the þ/ð memory estimate of the Anglo-Saxon scribe come from the frequent grammatical words?,preregistrazioni/e3b78.md,risultati/e3b78_hatton_parole.json; risultati/e3b78_hatton_parole.md,NULL/INCONCLUSIVE,non dimostrata,no,"Top-10 words +0.025 (CI -0.112 to +0.151); other words unusable (76 pairs, almost only þ). The pooled +0.10 of e3b70 is not recovered. | src: QUADERNO l.13335"
e3b79,2026-10-04,crescita di -ey scendendo nella pagina e apertura del paragrafo si ritrovano con Takahashi,Do the -ey increase down the page and the paragraph-opening p/f excess replicate with the Takahashi transcription?,preregistrazioni/e3b79.md,risultati/e3b79_verticali_takahashi.json; risultati/e3b79_verticali_takahashi.md,CONFIRMED,"si ritrovano con Takahashi tutte e due, con intervalli per pagina ben sopra lo zero.",no,IT: opening +0.043 (CI +0.040 to +0.047); -ey +0.084 (CI +0.050 to +0.119). | src: QUADERNO l.13353
e3b80,2026-10-04,con il metodo finale la memoria delle scelte si consuma con le lettere scritte,"With the final method, does the memory of choices wear off with the letters written in between (at equal word distance)?",preregistrazioni/e3b80.md,risultati/e3b80_memoria_lettere.json; risultati/e3b80_memoria_lettere.md,CONFIRMED,si consuma con le lettere.,no,"Unbalanced median split found later (QUADERNO l.13967); balanced redo e3c07 holds (+0.052-0.060). CHECK: possibly superseded by e3c12 (correction: consumption mainly in sh/ch, not all choices). | src: QUADERNO l.13366"
e3b81,2026-10-04,abbandonato prima della preregistrazione (prova senza potere di distinguere),Does the -ey increase down the page restart at each page (page cycle) or keep drifting across pages?,,,NOT_RUN,abbandonato prima della preregistrazione (prova senza potere di distinguere),no,Abandoned before the prereg commit: the code test on fake pages showed the test cannot discriminate. No Voynich data examined; no prereg file. | src: QUADERNO l.13380 | date from notebook entry
e3b82,2026-10-04,la memoria delle scelte in numeri semplici (descrittivo),How large is the memory of choices in plain percentage points (repeat probability at 2-3 vs 6-10 words)?,preregistrazioni/e3b82.md,risultati/e3b82_memoria_numeri.json; risultati/e3b82_memoria_numeri.md,SUPERSEDED,"La memoria corta aggiunge quindi circa 10 punti percentuali per qo/o e -ey/-dy, 6–7 punti per k/t e sh/ch, uguale con le due trascrizioni.",no,"e3c14 'Correzione dei numeri': these figures include line drift; e3c26 (no edges, drift-corrected) gives 4-5 points overall, k/t and sh/ch about 2. CHECK: partial correction (qo/o, -ey/-dy stay about 10). | orig=DESCRIPTIVE; superseded_by=e3c14, e3c26 | src: QUADERNO l.13389"
e3b83,2026-10-04,"nei cerchi e nei raggi la stima di memoria è come nei paragrafi, ma non dimostrata","With the final method, is there memory of choices in the circular and radial texts?",preregistrazioni/e3b83.md,risultati/e3b83_memoria_cerchi_finale.json; risultati/e3b83_memoria_cerchi_finale.md,NULL/INCONCLUSIVE,non dimostrata nei cerchi.,no,"+0.072 (CI -0.027 to +0.162), 29 pages. Downgrades e3b37 (outside batch, raw measure) to 'compatible, not shown'. | src: QUADERNO l.13410"
e3b84,2026-10-04,la parola ripresa dalla riga sopra segue un po' più la fonte che la memoria del momento,"When a word is taken up from the line above, does it keep the source's spelling choice rather than the current memory?",preregistrazioni/e3b84.md; preregistrazioni/e3b85.md,risultati/e3b84_copia_contro_memoria.json; risultati/e3b84_copia_contro_memoria.md,SUPERSEDED,"tiene la grafia della fonte, ma di poco: 55% contro 45%.",no,"e3b85 (far-line control): the 55% is the word's own preference, not copying ('non ne copia le scelte di grafia'). Two-sided prereg question; claim = keeps the source. | orig=CONFIRMED; superseded_by=e3b85 | src: QUADERNO l.13422"
e3b85,2026-10-04,la parola ripresa dalla riga sopra non ne copia le scelte di grafia,Is the 55% source-following of e3b84 due to copying from the line above (rather than the word's own preference)?,preregistrazioni/e3b85.md,risultati/e3b85_copia_controllo.json; risultati/e3b85_copia_controllo.md,REFUTED,è preferenza della parola.,no,"Near minus far-line source D -0.020 (CI -0.064 to +0.022) ZL, -0.017 IT. Supersedes the reading of e3b84. | src: QUADERNO l.13440"
e3b86,2026-10-04,la stessa parola si scrive allo stesso modo nella stessa sessione più che fra pagine,Is a word's spelling choice more consistent within the same paragraph (session) than across pages?,preregistrazioni/e3b86.md,risultati/e3b86_grafia_sessione.json; risultati/e3b86_grafia_sessione.md,CONFIRMED,grafia della parola legata al momento.,no,"Contrast +0.045 ZL, +0.046 IT. Qualified by e3b87: the effect is also in 3 generators and the Codex Marianus, so it does not distinguish the Voynich. | src: QUADERNO l.13458"
e3b87,2026-10-04,"la ""grafia di sessione"" c'è anche in tre generatori e nel Codex Marianus: non distingue il Voynich",Is the 'session spelling' effect also present in the generators and in real scribes?,preregistrazioni/e3b87.md,risultati/e3b87_grafia_sessione_confronti.json; risultati/e3b87_grafia_sessione_confronti.md,MIXED,"grafia di sessione in U2, U3, Timm e Schinner e nel Codex Marianus; no in Naibbe; al contrario nei Hatton Gospels.",no,"Per-text outcomes differ: yes in 3/4 generators and the Marianus, no in Naibbe, reversed in the Hatton Gospels. | src: QUADERNO l.13479"
e3b88,2026-10-04,nessun generatore ha il raccordo qo/o,Do the published generators have the qo/o junction effect seen in the Voynich?,preregistrazioni/e3b88.md,risultati/e3b88_raccordo_generatori.json; risultati/e3b88_raccordo_generatori.md,REFUTED,"nessun raccordo in Naibbe, U2, Timm e Schinner; incerto in U3 (effetto minuscolo, 0,001).",no,3 of 4 'no junction'; U3 'uncertain' with effect/entropy 0.001 vs Voynich 0.058. | src: QUADERNO l.13502
e3b89,2026-10-04,"senza la prima parola della riga nuova passa più memoria all'a capo, ma non tutta",Is the halving of memory at the line break due to the first word of the new line?,preregistrazioni/e3b89.md,risultati/e3b89_a_capo_prima_parola.json; risultati/e3b89_a_capo_prima_parola.md,REFUTED,"calo vero all'a capo (ZL 0,59, appena sotto la soglia di 0,6).",no,"Without the first word ZL ratio 0.59 (threshold 0.6), IT 0.72: the first word explains part of the halving, the rest is a real drop. | src: QUADERNO l.13521"
e3b90,2026-10-04,alla fine del paragrafo la memoria stimata resta circa zero anche senza la prima parola,"Without the first word of the new paragraph, does the memory of choices cross the paragraph end?",preregistrazioni/e3b90.md,risultati/e3b90_paragrafo_prima_parola.json; risultati/e3b90_paragrafo_prima_parola.md,NULL/INCONCLUSIVE,non dimostrato (intervallo largo).,no,"ZL -0.014 (CI -0.091 to +0.068), IT -0.000; neither the 'passes' nor the 'restarts' criterion met. | src: QUADERNO l.13539"
e3b91,2026-10-04,"con la stessa misura l'accordo grammaticale delle lingue sembra memoria corta, della stessa grandezza del Voynich","With the same measure, does grammatical agreement (endings) in natural languages look like short memory?",preregistrazioni/e3b91.md,risultati/e3b91_accordo_lingue.json; risultati/e3b91_accordo_lingue.md,CONFIRMED,"in tutti e cinque i testi ""l'accordo sembra memoria"", con effetti fra 0,6 e 1,1 volte quello del Voynich.",no,"5/5 texts (Italian, Spanish, Latin) at 0.6-1.1x the Voynich: the memory measure alone does not separate a scribal habit from grammatical agreement. | src: QUADERNO l.13554"
e3b92,2026-10-04,l'accordo grammaticale delle lingue si consuma poco con le lettere; la memoria del Voynich di più,Does grammatical agreement in languages 'wear off with letters' like the Voynich memory?,preregistrazioni/e3b92.md,risultati/e3b92_lettere_lingue.json; risultati/e3b92_lettere_lingue.md,REFUTED,il consumo con le lettere distingue.,no,"Label means languages do not wear off (mean +0.015, no CI above 0), so the trait separates the Voynich. Measure later found defective (l.13967); e3c08 balanced redo: same conclusion. | src: QUADERNO l.13583"
e3b93,2026-10-04,l'accordo di prefisso dello swahili sembra una memoria ancora più forte del Voynich,"Does Swahili prefix agreement look like short memory, and does it wear off with letters as in the Voynich?",preregistrazioni/e3b93.md,risultati/e3b93_swahili.json; risultati/e3b93_swahili.md,MIXED,l'accordo di prefisso sembra memoria (quasi tre volte il Voynich); consumo con le lettere no,no,"(1) memory yes, +0.236; (2) letter-consumption no, but underpowered (488 pairs, CI -0.155 to +0.138, does not exclude the Voynich value). | src: QUADERNO l.13623"
e3b94,2026-10-04,togliere le parole più frequenti non distingue accordo grammaticale e memoria del Voynich,Does language agreement depend on the most frequent words while the Voynich memory does not?,preregistrazioni/e3b94.md,risultati/e3b94_parole_frequenti.json; risultati/e3b94_parole_frequenti.md,NULL/INCONCLUSIVE,incerto. L'ipotesi di partenza (l'accordo delle lingue passa per poche parole frequenti) era sbagliata,no,"Voynich retention 0.73 (just below 0.75), languages 0.91-1.03: starting hypothesis wrong; the trait does not distinguish. | src: QUADERNO l.13643"
e3b95,2026-10-04,"la ""memoria"" del Voynich cala dolcemente; l'accordo delle lingue crolla dopo la parola accanto (descrittivo)",How does agreement decay with word distance in the Voynich compared with grammatical agreement in languages?,preregistrazioni/e3b95.md,risultati/e3b95_profilo_distanza.json; risultati/e3b95_profilo_distanza.md,DESCRIPTIVE,"Nel Voynich la curva è quasi piatta fra 1 e 3 (rapporto 0,78) e poi cala dolcemente: la forma di una memoria che si consuma, non di un accordo fra parole che stanno insieme.",no,"Descriptive, no criterion; tested on new data in e3b96. Later weakened by e3c30 (separation from languages partly a line-length effect). | src: QUADERNO l.13660"
e3b96,2026-10-04,la forma del calo distingue la memoria del Voynich dall'accordo grammaticale (dati nuovi),"Does the decay shape (R = K3/K1) distinguish the Voynich memory from grammatical agreement, on data not seen in e3b95?",preregistrazioni/e3b96.md,risultati/e3b96_forma_calo.json; risultati/e3b96_forma_calo.md,SUPERSEDED,la forma distingue.,no,Voynich IT R 0.79 (0.63-0.96) vs languages 0.13-0.40. e3c30/e3c31 ('separazione netta dalle lingue (e3b96–e3c28) ... non è dimostrata'): partly a line-length effect; within the same lines the Voynich is only the flattest as an estimate. | orig=CONFIRMED; superseded_by=e3c30; e3c31 | src: QUADERNO l.13679 | reviewed in the final cross-batch review
e3b97,2026-10-04,la forma piatta regge togliendo anche le parole a due modifiche,Does the flat decay shape of the Voynich memory hold when word pairs within two edits are also removed?,preregistrazioni/e3b97.md,risultati/e3b97_forma_calo_stretta.json; risultati/e3b97_forma_calo_stretta.md,CONFIRMED,la forma piatta regge.,no,"R 0.66 IT, 0.64 ZL vs Italian 0.16. CHECK: possibly superseded by e3c30/e3c31 (flat-shape separation from languages partly a line-length effect). | src: QUADERNO l.13701"
e3b98,2026-10-04,"nessuna lingua del corpus raggiunge la forma piatta del Voynich, ma il Volapük ci arriva vicino",Does any large corpus text (generic ending class) reach the 'flat' decay shape of the Voynich memory (R >= 0.64)?,preregistrazioni/e3b98.md,risultati/e3b98_forma_lingue.json; risultati/e3b98_forma_lingue.md,SUPERSEDED,la forma resta propria del Voynich.,"yes: first run stopped on Esperanto (R undefined, not handled); code fixed, retested on fake texts and rerun (declared error)",0/16 texts with R >= 0.64 (Volapük 0.62). e3c30/e3c31: the clean separation from languages (e3b96–e3c28) is partly a line-length effect and not demonstrated within the same lines. | orig=REFUTED; superseded_by=e3c30; e3c31 | src: QUADERNO l.13718 | reviewed in the final cross-batch review
e3b99,2026-10-04,"nessuna lingua del corpus si ""consuma con le lettere"" (Volapük compreso)",Do the corpus languages (generic ending class) 'wear off with letters' like the Voynich memory?,preregistrazioni/e3b99.md,risultati/e3b99_lettere_lingue_tutte.json; risultati/e3b99_lettere_lingue_tutte.md,REFUTED,il consumo con le lettere distingue.,no,"Median +0.0005, 1/16 with CI above 0 (Vulgata); secondary: Volapük no. Measure later found defective (l.13967); e3c08 balanced redo: same conclusion. | src: QUADERNO l.13760"
e3c01,2026-10-04,"le alternanze dentro la parola, scelte dai dati, hanno memoria solo nel Voynich (e nel Corano)",Do data-chosen word-internal alternations show memory in texts other than the Voynich?,preregistrazioni/e3c01.md,risultati/e3c01_alternanze_interne.json; risultati/e3c01_alternanze_interne.md,SUPERSEDED,"le alternanze interne hanno memoria solo nel Voynich (un solo testo, il Corano, supera la soglia; la regola ne ammetteva al più due).",no,e3c45 'Correzione dell'e3c01': with the clean measure 3 languages agree between adjacent words; at 2-3 words the Voynich stays distinct. CHECK: partial correction (adjacent words only). | orig=REFUTED; superseded_by=e3c45 | src: QUADERNO l.13782
e3c02,2026-10-04,"la regola automatica sui generatori, esito incerto per colpa di Naibbe",Does the automatic internal-alternation rule give zero memory on the generators (negative control)?,preregistrazioni/e3c02.md,risultati/e3c02_alternanze_generatori.json; risultati/e3c02_alternanze_generatori.md,NULL/INCONCLUSIVE,incerto (un generatore su quattro sopra la soglia di metà del Voynich).,no,"Naibbe +0.029 (CI +0.002 to +0.057); U2, U3, Timm & Schinner about 0. | src: QUADERNO l.13812"
e3c03,2026-10-04,Corano e Naibbe non hanno la forma della memoria del Voynich,"Do the Quran and Naibbe also have the other two traits of the Voynich memory (flat decay shape, letter-consumption)?",preregistrazioni/e3c03.md,risultati/e3c03_tre_tratti.json; risultati/e3c03_tre_tratti.md,REFUTED,né il Corano né Naibbe hanno la forma del Voynich (nessun accordo fra parole accanto).,no,Shape: no for both. Letter-consumption declared 'non misurabile qui' by rule (Voynich IT CI touches 0 with automatic classes). | src: QUADERNO l.13835
e3c04,2026-10-04,nemmeno erbari e testi tecnici piccoli hanno memoria nelle alternanze interne,"Do word-internal alternations show memory in small texts (herbals, medieval technical texts)?",preregistrazioni/e3c04.md,risultati/e3c04_alternanze_testi_piccoli.json; risultati/e3c04_alternanze_testi_piccoli.md,REFUTED,solo nel Voynich anche fra i testi piccoli (nessun testo sopra la soglia).,no,"0/8 texts above threshold; prereg cautioned that small texts weigh less. Flemish NT i/y +0.055 descriptive only, no CI. | src: QUADERNO l.13871"
e3c05,2026-10-04,"la terza trascrizione (Glen Claston, v101) replica memoria e forma","Does the third transcription (Glen Claston, v101 alphabet) replicate memory and decay shape with the automatic rule?",preregistrazioni/e3c05.md,risultati/e3c05_terza_trascrizione.json; risultati/e3c05_terza_trascrizione.md,CONFIRMED,"replica, memoria e forma come nelle altre due trascrizioni.",no,"Memory +0.039 (CI +0.008 to +0.070), adjacent agreement +0.147, R 0.44. Qualified by e3c16: with the position-preserving null the GC CI touches 0. | src: QUADERNO l.13898"
e3c06,2026-10-04,"a parità di lettere, il numero di parole conta, ma al contrario (incerto)","At equal letters in between, does the memory of choices also decrease with the number of words?",preregistrazioni/e3c06.md; preregistrazioni/e3c07.md,risultati/e3c06_parole_oltre_lettere.json; risultati/e3c06_parole_oltre_lettere.md,SUPERSEDED,incerto.,yes: prereg did not foresee an interval entirely below 0; declared,"Method defect (unbalanced median split, QUADERNO l.13967); e3c07 with balanced split: 'l'effetto negativo dell'e3c06 era un errore di metodo' (about 0 in all four measures). | orig=NULL/INCONCLUSIVE; superseded_by=e3c07; QUADERNO l.13967 | src: QUADERNO l.13946"
e3c07,2026-10-04,con la divisione bilanciata il consumo con le lettere regge; l'e3c06 era un errore,"With a balanced split and without line-edge words, does the letter-consumption of the memory hold?",preregistrazioni/e3c07.md,risultati/e3c07_lettere_parole_bilanciate.json; risultati/e3c07_lettere_parole_bilanciate.md,CONFIRMED,"il consumo con le lettere regge (senza i bordi, intervallo sopra 0 in ZL e IT).",no,ZL lower bound +0.00002 (borderline). Control: e3c06 negative effect was a method error. CHECK: possibly superseded by e3c12 (letter-consumption mainly in sh/ch). | src: QUADERNO l.13976
e3c08,2026-10-04,"con il metodo corretto, nessuna lingua si consuma con le lettere","With the balanced split, do the languages 'wear off with letters' like the Voynich memory?",preregistrazioni/e3c08.md,risultati/e3c08_lettere_lingue_bilanciate.json; risultati/e3c08_lettere_lingue_bilanciate.md,REFUTED,il consumo con le lettere distingue.,no,"0/21 with CI above 0, median +0.0018 vs Voynich +0.052. Prereg title not a question: framed as e3b92/e3b99, which it redoes. | src: QUADERNO l.14045"
e3c09,2026-10-04,"la memoria cala con le lettere scritte, non con il numero di parole (incerto per un soffio)",Does the memory decline with the letters written rather than with the number of words (linear regression)?,preregistrazioni/e3c09.md,risultati/e3c09_regressione_lettere_parole.json; risultati/e3c09_regressione_lettere_parole.md,NULL/INCONCLUSIVE,"incerto. ZL dà ""cala con le lettere, non con le parole""; IT dà lo stesso segno ma il suo intervallo delle lettere tocca lo zero per 0,0002",no,"Qualified by QUADERNO l.14058: linear regression can be biased by curved decay; replaced in e3c10 by exact-strata slopes, same Voynich result. | src: QUADERNO l.13998"
e3c10,2026-10-04,"pendenze dentro strati esatti; il Voynich come nell'e3c09, le lingue non calano né con le parole né con le lettere","Within exact strata, does memory decline with letters (not words) in the Voynich, and with words in the languages?",preregistrazioni/e3c10.md,risultati/e3c10_strati_lettere_parole.json; risultati/e3c10_strati_lettere_parole.md,NULL/INCONCLUSIVE,"Voynich incerto (ZL ""cala con le lettere, non con le parole"", IT al limite per 0,0002, come nell'e3c09: con il Voynich la regressione lineare non era stata ingannata); lingue incerto",no,"Voynich: ZL letters-not-words, IT borderline. Languages: none decline with words (prior expectation wrong). Per-letter slope still separates Voynich from languages. | src: QUADERNO l.14087"
e3c11,2026-10-04,"il consumo con le lettere c'è in tutte e tre le mani, senza differenze trovate",Is the letter-consumption of the memory the same in the three hands?,preregistrazioni/e3c11.md,risultati/e3c11_consumo_per_mano.json; risultati/e3c11_consumo_per_mano.md,CONFIRMED,uguale fra le mani (tutte e sei le differenze hanno intervallo che contiene 0).,no,"Means 'no difference found' (difference CIs about +/-0.006, wider than the effect); slope negative in all 6 measures, CI below 0 in 4. | src: QUADERNO l.14069"
e3c12,2026-10-04,"la memoria non è un effetto di lettura, ma il consumo con le lettere sta soprattutto in sh/ch",Are the memory and its letter-consumption (partly) an effect of reading faint strokes rather than of writing?,preregistrazioni/e3c12.md,risultati/e3c12_effetto_lettura.json; risultati/e3c12_effetto_lettura.md,MIXED,"la memoria non è un effetto di lettura, ma il consumo con le lettere sta soprattutto in sh/ch",no,"Part 1 'il consumo potrebbe venire dai segni deboli' (robust choices CI touches 0); part 2 'la memoria non è un effetto di lettura discorde'. Narrows letter-consumption to sh/ch (affects e3b80, e3c07). | src: QUADERNO l.14138"
e3c13,2026-10-04,"tutte le scelte ""marcate"" calano lungo la riga, non solo sh",Does the share of sh decrease along the line (ink hypothesis)?,preregistrazioni/e3c13.md,risultati/e3c13_sh_lungo_la_riga.json; risultati/e3c13_sh_lungo_la_riga.md,CONFIRMED,"""compatibile con l'inchiostro"" (sh cala lungo la riga).",no,"Criterion met, but the prereg'd description shows all four choices decline about equally, which weakens the ink reading; new property: along-line drift. | src: QUADERNO l.14174"
e3c14,2026-10-04,"la memoria regge senza la deriva lungo la riga, ma circa un terzo del valore citato era deriva",Does the memory of choices hold with a null that preserves the position in the line?,preregistrazioni/e3c14.md,risultati/e3c14_nullo_posizione.json; risultati/e3c14_nullo_posizione.md,CONFIRMED,"la memoria non viene dalla deriva lungo la riga (resta il 72% in ZL e il 68% in IT, con intervalli sopra 0).",no,"Corrects cited sizes (e3b70, e3b82): about 1/3 was drift; +0.062 ZL, +0.051 IT. Qualified by e3c27: position null missed last-word effects; memory smaller, mostly qo/o and -ey/-dy. | src: QUADERNO l.14198"
e3c15,2026-10-04,la forma piatta del calo regge senza la deriva lungo la riga e senza i bordi,Does the 'flat' decay shape hold without the along-line drift (and without line-edge words)?,preregistrazioni/e3c15.md,risultati/e3c15_forma_senza_deriva.json; risultati/e3c15_forma_senza_deriva.md,CONFIRMED,"la forma piatta regge senza la deriva (estremo basso 0,65 e 0,66, sopra lo 0,45 di Plinio, il più alto fra le lingue naturali).",no,"R (version B) 0.82 ZL, 0.87 IT. CHECK: possibly superseded by e3c30/e3c31 (flat-shape separation from languages partly a line-length effect). | src: QUADERNO l.14226"
e3c16,2026-10-04,"la memoria nelle alternanze automatiche, senza la posizione nella riga, regge in 2 trascrizioni su 3",Does memory in the automatic internal alternations hold with the position-preserving null in all three transcriptions?,preregistrazioni/e3c16.md,risultati/e3c16_alternanze_posizione.json; risultati/e3c16_alternanze_posizione.md,MIXED,"regge in 2 trascrizioni su 3 (Takahashi chiaro, ZL appena, GC con intervallo che tocca 0 per 0,0006).",no,Criterion asked for all three; GC CI touches 0. Comparison with languages unchanged (only the Quran above the new threshold). | src: QUADERNO l.14253
e3c17,2026-10-04,"la deriva lungo la riga c'è in ogni mano, più forte in B",Is the along-line drift of choices present in every hand and in both Currier languages?,preregistrazioni/e3c17.md,risultati/e3c17_deriva_per_mano.json; risultati/e3c17_deriva_per_mano.md,CONFIRMED,la deriva c'è in ogni mano e in tutte e due le lingue.,no,About 3x stronger in B (-0.035) than in A (-0.011 per 10 signs); hands and languages largely overlap. | src: QUADERNO l.14273
e3c18,2026-10-04,nessun generatore ha la deriva delle scelte lungo la riga,Do the published generators have the along-line drift of choices?,preregistrazioni/e3c18.md,risultati/e3c18_deriva_generatori.json; risultati/e3c18_deriva_generatori.md,REFUTED,i generatori non hanno la deriva lungo la riga.,no,"Naibbe, U2, U3, Timm & Schinner all about 0; no class in any generator with CI below 0. | src: QUADERNO l.14308"
e3c19,2026-10-04,"senza la posizione nella riga, memoria dimostrata nelle mani 2 e 3, non nella mano 1 (poche coppie)","With the position-preserving null, is memory present in every hand, with no differences between hands?",preregistrazioni/e3c19.md,risultati/e3c19_memoria_mani_posizione.json; risultati/e3c19_memoria_mani_posizione.md,NULL/INCONCLUSIVE,senza la posizione la memoria non è dimostrata in ogni mano.,no,Hands 2-3 CI above 0; hand 1 similar estimate (+0.071 ZL) but CI touches 0 (few pairs); no hand differences. 'Not shown' is the prereg's residual category. | src: QUADERNO l.14291
e3c20,2026-10-04,la deriva lungo la riga è più ripida all'inizio della riga,Is the along-line drift steeper in the first half of the line (rather than near the right margin)?,preregistrazioni/e3c20.md,risultati/e3c20_deriva_meta_riga.json; risultati/e3c20_deriva_meta_riga.md,CONFIRMED,la deriva è più ripida all'inizio della riga.,no,"Difference -0.019 (CI -0.035 to -0.004) ZL, same IT. CHECK: two-sided prereg question (start vs margin); claim framed as reading (1). | src: QUADERNO l.14326"
e3c21,2026-10-04,dopo il salto di un disegno le forme marcate non ripartono; accanto al disegno sono più rare (incerto),"After a drawing gap within the line, do the marked forms restart as at the start of a line?",preregistrazioni/e3c21.md,risultati/e3c21_deriva_salto_disegno.json; risultati/e3c21_deriva_salto_disegno.md,NULL/INCONCLUSIVE,incerto.,"yes: prereg did not foresee S below 0 (-0.051); declared, outcome left as 'incerto'","S -0.051 (CI -0.096 to -0.002), opposite of the +0.066 expected for a restart. CHECK: label 'incerto' but data contradict a restart; could be read as REFUTED. | src: QUADERNO l.14343"
e3c22,2026-10-04,prima del disegno come a fine riga; dopo il disegno no,Do the words next to a drawing behave like the words at the line edges?,preregistrazioni/e3c22.md,risultati/e3c22_bordi_e_disegno.json; risultati/e3c22_bordi_e_disegno.md,MIXED,prima del disegno come a fine riga; dopo il disegno non come a inizio riga.,no,E-L CI contains 0 (before drawing like line end); S-F -0.050 (CI -0.102 to -0.005). Qualified by e3c23 (first-word effect was an average of opposite class effects). | src: QUADERNO l.14363
e3c23,2026-10-04,accanto al disegno sparisce soprattutto la q: una questione di spazio,Is the simplification next to drawings confined to qo/o (a width/space effect) rather than spread over all choices?,preregistrazioni/e3c23.md,risultati/e3c23_spazio_stretto.json; risultati/e3c23_spazio_stretto.md,SUPERSEDED,la semplificazione accanto al disegno sta in qo/o (larghezza).,no,"qo -0.227 next to drawings, other choices n.s. e3c24 'Correzione della lettura dell'e3c23': q drops only after the drawing, where it touches it, so not planned space. | orig=CONFIRMED; superseded_by=e3c24 | src: QUADERNO l.14388"
e3c24,2026-10-04,"la q cade solo dopo il disegno, dove lo tocca (correzione della lettura dell'e3c23)","Does the q drop both before and after the drawing (planned space), rather than only where the word touches it?",preregistrazioni/e3c24.md,risultati/e3c24_q_prima_dopo_disegno.json; risultati/e3c24_q_prima_dopo_disegno.md,REFUTED,"la q cade solo dopo il disegno, dove lo tocca.",no,S -0.330 (CI -0.400 to -0.256); E -0.074 n.s. Writing vs reading left open. CHECK: two-sided prereg question (before or after); claim framed as e3c23's planned-space reading. | src: QUADERNO l.14415
e3c25,2026-10-04,"dopo il disegno i trascrittori non discordano di più su qo/o (incerto, pochi dati)","After a drawing, do the ZL and IT transcribers disagree on qo/o more often than elsewhere (sign of a reading difficulty)?",preregistrazioni/e3c25.md,risultati/e3c25_discordanza_dopo_disegno.json; risultati/e3c25_discordanza_dopo_disegno.md,NULL/INCONCLUSIVE,"incerto (rapporto 1,15, intervallo 0 – 4,1: l'estremo alto supera la soglia di 3).",no,"94 words after drawings, 1 disagreement; cannot exclude up to 4x more disagreement. | src: QUADERNO l.14441"
e3c26,2026-10-04,"la memoria in punti percentuali è 4–5 punti, ma non uguale fra le classi (descrittivo)",How large is the memory in percentage points once page and along-line drift are removed?,preregistrazioni/e3c26.md,risultati/e3c26_numeri_semplici_puliti.json; risultati/e3c26_numeri_semplici_puliti.md,DESCRIPTIVE,"senza i bordi della riga la memoria in punti è circa 4–5 punti percentuali, e la correzione per la deriva cambia poco",no,"Descriptive. Mostly in qo/o and -ey/-dy (about 10 points), k/t and sh/ch near 0. Qualified by e3c27: its explanation for the class differences did not hold; same-word expectation gives about 4 pts ZL, 2.5 IT. | src: QUADERNO l.14456"
e3c27,2026-10-04,senza le parole ai bordi la memoria è più piccola e sta in qo/o e -ey/-dy (correzione),"With the expectation from the same covered word, how large is the memory in points, and do the four classes become similar?",preregistrazioni/e3c27.md,risultati/e3c27_punti_per_parola.json; risultati/e3c27_punti_per_parola.md,DESCRIPTIVE,"nell'insieme, senza bordi e con l'atteso corretto, la memoria vale circa 4 punti in ZL (intervallo sopra 0) e 2,5 in IT (intervallo che tocca 0).",no,Descriptive; e3c26's hypothesis did not hold (classes stay different). Entry corrects e3b62/e3b70 memory sizes (outside batch) and notes e3c14's position null was only partial. | src: QUADERNO l.14480
e3c28,2026-10-04,"alla pari, la forma piatta resta propria del Voynich","On equal footing (same line lengths, no edges, same-word expectation), does the flat decay shape remain unique to the Voynich?",preregistrazioni/e3c28.md,risultati/e3c28_forma_alla_pari.json; risultati/e3c28_forma_alla_pari.md,SUPERSEDED,alla pari la forma piatta resta propria del Voynich.,no,No language reaches 0.61 (max Plinio 0.42). e3c30 'un fatto che indebolisce l'e3c28' and e3c31: the separation is partly a line-length/baseline effect and not demonstrated within the same lines. | orig=CONFIRMED; superseded_by=e3c30; e3c31 | src: QUADERNO l.14511 | reviewed in the final cross-batch review
e3c29,2026-10-04,con la misura alla pari nessun generatore ha l'accordo delle scelte del Voynich,"With the like-for-like measure of e3c28, does any generator (Naibbe, U2, U3, Timm & Schinner) have the Voynich's choice agreement?",preregistrazioni/e3c29.md,risultati/e3c29_generatori_alla_pari.json; risultati/e3c29_generatori_alla_pari.md,REFUTED,"nessun generatore ha l'accordo delle scelte del Voynich. Il più vicino è U2, con un terzo del Voynich e intervallo che tocca 0.",no,Adjacent agreement: generators -0.005 to +0.056 vs Voynich +0.17/+0.18. | src: QUADERNO l.14540
e3c30,2026-10-04,dentro le sole righe lunghe la forma piatta del Voynich non è dimostrata (indebolimento),"Within long lines only (>=11 words, near and far pairs from the same lines), does the flat decay shape remain specific to the Voynich?",preregistrazioni/e3c30.md,risultati/e3c30_forma_righe_lunghe.json; risultati/e3c30_forma_righe_lunghe.md,REFUTED,"""nelle righe lunghe la forma piatta non è propria del Voynich"" (soglia 0,26 = estremo basso del Voynich; 8 lingue la superano)",no,"Author attributes it mainly to low precision; also finds weaker agreement in long lines, weakening e3c28 (outside batch). CHECK: heading says 'non è dimostrata', but prereg label is 'non è propria' (REFUTED). | src: QUADERNO l.14558"
e3c31,2026-10-04,"dentro le righe di almeno 9 parole la forma è la più piatta come stima, ma non separata dalle lingue","Within lines of >=9 words (far pairs at 5-6 words), does the flat decay shape remain specific to the Voynich?",preregistrazioni/e3c31.md,risultati/e3c31_forma_righe_medie.json; risultati/e3c31_forma_righe_medie.md,REFUTED,"""non è propria del Voynich"" (soglia 0,20; quattro lingue con R56 sopra: Vulgata due volte, Plinio, Avicenna)",no,"Voynich still flattest as estimate (R56 0.61-0.73). CHECK: e3c32 heading says 'correzione dell'e3c31', but it retracts only the side claim that short lines have higher agreement; prereg outcome unaffected. | src: QUADERNO l.14588"
e3c32,2026-10-04,righe corte e lunghe hanno lo stesso accordo (correzione dell'e3c31); dentro la riga l'accordo è quasi piatto,"Do short lines (4-8 words) have higher adjacent-word choice agreement than long lines (>=9), e.g. through page preferences?",preregistrazioni/e3c32.md,risultati/e3c32_righe_corte.json; risultati/e3c32_righe_corte.md,REFUTED,nessuna differenza fra righe corte e lunghe.,no,ZL and IT (d=1 difference CIs contain 0). Corrects e3c31's side claim. Descriptive extra: agreement nearly equal at 1-3 words after page correction. | src: QUADERNO l.14615
e3c33,2026-10-04,non è una preferenza della riga; l'accordo è uguale fino a 3 parole e poi crolla,Is the within-line choice agreement a line-wide preference (P = K(6-8)/K(1) >= 0.5) rather than a decaying memory?,preregistrazioni/e3c33.md,risultati/e3c33_riga_o_memoria.json; risultati/e3c33_riga_o_memoria.md,REFUTED,"ZL ""memoria che si consuma"", IT ""intermedio"". Non è una preferenza di tutta la riga: oltre 4 parole l'accordo è circa zero.",no,"ZL P 0.13 (decaying memory), IT P 0.29 (intermediate): neither is a line preference. CHECK: possibly superseded by e3c66, which corrects the descriptive 'equal up to 3 words then collapse' (state decays gradually). | src: QUADERNO l.14639"
e3c34,2026-10-04,"la ""finestra di tre parole"" c'è con le classi a mano ma non con quelle automatiche (incerto)","Does the 'three-word window' (R0 = K(3)/K(1)) remain specific to the Voynich vs languages, replicated on all lines?",preregistrazioni/e3c34.md,risultati/e3c34_finestra_tre_parole.json; risultati/e3c34_finestra_tre_parole.md,NULL/INCONCLUSIVE,"incerto (soglia 0,54; sopra solo il Volapük, lingua artificiale).",no,"Declared replication, not new data. Window absent with automatic classes. Qualified by e3c48/e3c49: uncorrected language comparison redone with bias correction, still 'incerto' (Volapük value was distortion). | src: QUADERNO l.14666"
e3c35,2026-10-04,"(descrittivo): la ""finestra"" sta in k/t, sh/ch, -ey/-dy; qo/o ha accordo da 2 parole in su; a/o quasi niente","How does the three-word window (R0) vary choice by choice (qo/o, k/t, sh/ch, -ey/-dy, a/o, ch/e)?",preregistrazioni/e3c35.md,risultati/e3c35_finestra_per_scelta.json; risultati/e3c35_finestra_per_scelta.md,DESCRIPTIVE,"la ""finestra"" sta in k/t, sh/ch, -ey/-dy; qo/o ha accordo da 2 parole in su; a/o quasi niente",no,"Prereg 'descrittivo, nessun criterio'; prior expectation partly wrong (declared). Per-choice pattern confirmed with corrected measure by e3c52. | src: QUADERNO l.14690"
e3c36,2026-10-04,"la finestra di k/t, sh/ch, -ey/-dy è chiara in B, incerta in A (pochi dati)","Is the k/t, sh/ch, -ey/-dy window present in both Currier A and B, in both transcriptions (ZL, IT)?",preregistrazioni/e3c36.md,risultati/e3c36_finestra_a_b.json; risultati/e3c36_finestra_a_b.md,MIXED,"la finestra c'è in ZL B, IT A, IT B (3 gruppi su 4; manca ZL A, con una stima più bassa e un intervallo larghissimo)",no,3 of 4 groups (criterion required all 4); missing ZL A (few words). Qualified by e3c54: with the bias-corrected measure both language A and B have the window. | src: QUADERNO l.14719
e3c37,2026-10-04,con la misura più pulita i generatori non hanno la finestra; U3 e Timm e Schinner un piccolo accordo accanto,"With the cleaner measure, does any generator have the Voynich's k/t, sh/ch, -ey/-dy adjacent-word agreement?",preregistrazioni/e3c37.md,risultati/e3c37_generatori_misura_pulita.json; risultati/e3c37_generatori_misura_pulita.md,REFUTED,"nessun generatore ha l'accordo di k/t, sh/ch, -ey/-dy.",no,"U3 exactly at threshold (+0.053), Timm & Schinner +0.047; no window at 2-3 words. Flagged by e3c48 for redo; e3c49 redid it with bias correction: still no generator has the window. | src: QUADERNO l.14737"
e3c38,2026-10-04,nella trascrizione di Glen Claston le gallows hanno la stessa finestra di k/t in EVA,"In Glen Claston's transcription (v101), do the gallows (h/k) have the same window as k/t in EVA?",preregistrazioni/e3c38.md,risultati/e3c38_finestra_gc.json; risultati/e3c38_finestra_gc.md,CONFIRMED,le gallows di GC hanno la finestra come k/t in EVA.,no,"R0 0.85, K(1) +0.104. Qualified by e3c51: replicates with the bias-corrected measure (h/k window, r 0.88). | src: QUADERNO l.14756"
e3c39,2026-10-04,"con la misura pulita, il passaggio della finestra all'a capo non è dimostrato","With the clean measure, does the choice window carry across the line break?",preregistrazioni/e3c39.md,risultati/e3c39_finestra_a_capo.json; risultati/e3c39_finestra_a_capo.md,NULL/INCONCLUSIVE,"ZL ""la finestra non passa l'a capo""; IT ""incerto"".",no,"Share carried over 0.44-0.51 as estimate, but noisy control; author: 'dimezzamento all'a capo' (e3b66, outside batch) is an unconfirmed estimate. CHECK: ZL label alone would be REFUTED; classed inconclusive per heading. | src: QUADERNO l.14772"
e3c40,2026-10-04,l'accordo con la misura pulita non viene dalla catena di segni,Does the clean-measure adjacent-word choice agreement come from the sign chain (Voynich rewritten by its order-2 chain)?,preregistrazioni/e3c40.md,risultati/e3c40_finestra_catena.json; risultati/e3c40_finestra_catena.md,REFUTED,"l'accordo fra parole accanto non viene dalla catena di segni (media delle riscritture −0,004 contro +0,130)",no,Rewrites also ~0 at 2-3 words. | src: QUADERNO l.14791
e3c41,2026-10-04,"l'accordo segue la sequenza della scrittura, non la vicinanza sulla pagina","Do choices agree between vertically adjacent words (same position, next line), i.e. does page proximity matter?",preregistrazioni/e3c41.md,risultati/e3c41_accordo_verticale.json; risultati/e3c41_accordo_verticale.md,REFUTED,"nessun accordo verticale, conta la sequenza della scrittura.",no,"ZL and IT: vertical minus control +0.006 to +0.021, under a third of adjacent-word agreement. | src: QUADERNO l.14807"
e3c42,2026-10-04,nessuna preferenza di paragrafo nelle scelte,"Do choices of different words share a paragraph-level preference (same vs different paragraph, 2-4 lines apart)?",preregistrazioni/e3c42.md,risultati/e3c42_preferenza_paragrafo.json; risultati/e3c42_preferenza_paragrafo.md,REFUTED,nessuna preferenza di paragrafo dimostrata. A 2–4 righe di distanza l'accordo è circa zero sia nello stesso paragrafo sia fra paragrafi diversi.,no,"ZL +0.004, IT +0.007, CIs contain 0. CHECK: label says 'non dimostrata' (could be NULL/INCONCLUSIVE) but heading and reading state absence. | src: QUADERNO l.14824"
e3c43,2026-10-04,"l'accordo sta dentro ogni scelta, non c'è un ""modo marcato"" comune",Is there a 'marked mode' shared across different choices (agreement between different choice classes)?,preregistrazioni/e3c43.md,risultati/e3c43_modo_comune.json; risultati/e3c43_modo_comune.md,REFUTED,accordo soprattutto dentro ogni scelta. Un k non spinge la parola vicina verso sh o -ey: ogni scelta ricorda sé stessa.,no,ZL and IT; between-class value about -0.02 (known page-correction bias). Confirmed with the bias-corrected measure by e3c66 (part B). | src: QUADERNO l.14839
e3c44,2026-10-04,nella trascrizione di Glen Claston tutte e quattro le scelte si comportano come in EVA,"In Glen Claston's transcription, do sh/ch and -ey/-dy show the window, and qo/o its 2-3-word agreement, as in EVA?",preregistrazioni/e3c44.md,risultati/e3c44_finestra_gc_classi.json; risultati/e3c44_finestra_gc_classi.md,CONFIRMED,"finestra replicata in GC per 2 scelte su 2 (sh/ch, -ey/-dy); qo/o replicato.",no,"CHECK: possibly superseded in part by e3c51 ('correzione per sh/ch in GC'): with bias correction sh/ch (2/1) is no longer clear; -ey/-dy, gallows and qo/o hold. | src: QUADERNO l.14855"
e3c45,2026-10-04,"con la misura pulita alcune lingue si accordano nelle alternanze interne fra parole accanto, ma non a 2–3 parole (incerto)","With the clean measure, is word-internal alternation agreement specific to the Voynich (at most two of 26 languages reaching it)?",preregistrazioni/e3c45.md,risultati/e3c45_interne_misura_pulita.json; risultati/e3c45_interne_misura_pulita.md,NULL/INCONCLUSIVE,"incerto (tre lingue sopra la soglia di metà del Voynich: Marianus, Corano, greco; la regola ne chiedeva al più due per ""solo il Voynich"")",no,Entry corrects e3c01 (outside batch). CHECK: e3c48 says this uncorrected comparison 'va rifatto con la correzione'; no redo of e3c45 found in QUADERNO. | src: QUADERNO l.14873
e3c46,2026-10-04,"lo scriba anglosassone (þ/ð a inizio parola) ha la stessa ""finestra"" del Voynich","Do free graphic choices of real medieval scribes (Marianus и/ꙇ, Hatton þ/ð) show the Voynich's window?",preregistrazioni/e3c46.md,risultati/e3c46_scribi_veri.json; risultati/e3c46_scribi_veri.md,SUPERSEDED,"Lo scriba anglosassone ha la finestra, e più forte del Voynich",no,"Prereg descriptive (no overall outcome). Retracted by e3c48 ('ritrattazione dell'e3c46'): measure biased upward for þ/ð; corrected, the scribe has no Voynich-like window. | orig=DESCRIPTIVE; superseded_by=e3c48 | src: QUADERNO l.14900"
e3c47,2026-10-04,"lo scriba regge con tratti brevi, il Voynich no (da verificare per la distorsione dei blocchi piccoli)","Does the Anglo-Saxon scribe's þ/ð window hold in all four variants (25/5-line units, with/without the 10 most frequent words)?",preregistrazioni/e3c47.md,risultati/e3c47_scriba_robustezza.json; risultati/e3c47_scriba_robustezza.md,SUPERSEDED,la finestra dello scriba non regge senza le 10 parole più frequenti (restano 1.815 parole; K(1) resta sopra 0 ma la forma è rumorosa),no,"Held in 2 of 4 variants. Superseded by e3c48: the Voynich 'collapse' with 5-line blocks was measure distortion, and corrected Hatton þ/ð has no window (upward bias). | orig=MIXED; superseded_by=e3c48 | src: QUADERNO l.14926"
e3c48,2026-10-04,"corretta la distorsione, la finestra del Voynich regge; quella dello scriba anglosassone no (ritrattazione dell'e3c46)","After correcting the measure's bias (shuffle null), does the Voynich window hold even when removing 5-line-block preferences?",preregistrazioni/e3c48.md,risultati/e3c48_finestra_corretta.json; risultati/e3c48_finestra_corretta.md,CONFIRMED,la finestra regge anche togliendo le preferenze di tratti di 5 righe.,no,"ZL and IT, r 0.62-0.68. Retracts e3c46 and corrects e3c47; flags e3c34/e3c37/e3c45/e3c46 comparisons for redo with correction. | src: QUADERNO l.14952"
e3c49,2026-10-04,"con la correzione il Voynich sta in cima alla gamma delle lingue, non fuori; nessun generatore ha la finestra","With the bias-corrected measure, is the window specific to the Voynich vs 21 language measures and 4 generators?",preregistrazioni/e3c49.md,risultati/e3c49_confronti_corretti.json; risultati/e3c49_confronti_corretti.md,MIXED,"lingue: incerto (sopra la soglia 0,53 due misure, tutte e due di Plinio). Generatori: nessuno ha la finestra",no,"Languages inconclusive (Voynich at top of the range, not outside); generators negative. CHECK: inconclusive + supportive sub-outcomes; could be NULL/INCONCLUSIVE overall. | src: QUADERNO l.14979"
e3c50,2026-10-04,"due scribi islandesi veri, con righe e pagine vere, non hanno nessun accordo fra parole vicine nelle loro scelte libere","Do two real Icelandic scribes (Menota, real lines and pages) show the Voynich's window in their free letter-form choices?",preregistrazioni/e3c50.md,risultati/e3c50_scribi_menota.json; risultati/e3c50_scribi_menota.md,REFUTED,"nessuna scelta di lettera degli scribi ha la finestra; e nemmeno un accordo fra parole accanto (nessun estremo basso sopra 0,02).",no,"Prereg already limited to 2 MSS (3rd file unavailable). AM 677 date corrected (QUADERNO l.15153), results unchanged. CHECK: possibly superseded by e3c58 ('cambia la lettura dell'e3c50'); e3c79 finds that window copy-like. | src: QUADERNO l.15007"
e3c51,2026-10-04,"in Glen Claston le scelte di sola forma (due forme di d, due forme di e) non hanno un accordo chiaro; gallows e finali sì","In Glen Claston's transcription, do the shape-only choices (two forms of d, two of e) have the window?",preregistrazioni/e3c51.md,risultati/e3c51_gc_corretto.json; risultati/e3c51_gc_corretto.md,NULL/INCONCLUSIVE,Esito preregistrato sola forma: 7/8 nessun accordo chiaro; c/C nessun accordo chiaro. Esito riferimento: 2 su 3 con la finestra (gallows e finali; sh/ch no).,no,"Author: 'non chiaro' is not 'assente'. Corrects e3c44 for sh/ch. CHECK: label 'nessun accordo chiaro' could be read as REFUTED; e3c59 retracts e3c51's reading (window tied to the word, not the letter form). | src: QUADERNO l.15041"
e3c52,2026-10-04,"in EVA, con la misura corretta, k/t e -ey/-dy hanno la finestra da sole; sh/ch al limite; qo/o solo a 2–3 parole","With the corrected measure, does each EVA choice (qo/o, k/t, sh/ch, -ey/-dy) have the window on its own, in both ZL and IT?",preregistrazioni/e3c52.md,risultati/e3c52_eva_per_scelta.json; risultati/e3c52_eva_per_scelta.md,MIXED,"tutte e quattro le voci replicate in ZL e IT. k/t e -ey/-dy: finestra, ciascuna da sola, con intervalli lontani da 0",no,"Window in k/t and -ey/-dy; sh/ch adjacent agreement without window (borderline); qo/o only at 2-3 words. CHECK: per-choice labels, no single claim; as a replication ZL/IT it would be CONFIRMED. | src: QUADERNO l.15069"
e3c53,2026-10-04,"nessuna lingua artificiale ha la finestra, nemmeno le piccole; il gibberish scritto a mano non è informativo con questa misura",Do artificial languages (including small ones) or handwritten gibberish show the Voynich's window with the corrected measure?,preregistrazioni/e3c53.md,risultati/e3c53_artificiali_gibberish.json; risultati/e3c53_artificiali_gibberish.md,REFUTED,lingue artificiali: nessuna lingua artificiale ha la finestra,no,Gibberish: 'non informativo' (corrected measure ~0 by construction when covered words do not repeat). CHECK: prereg has a declared pre-execution fix (gibberish hand = text); unclear if after prereg commit. | src: QUADERNO l.15088
e3c54,2026-10-04,"la finestra per sezione; chiara dove ci sono abbastanza parole, incerta nell'erbario e nel resto",Is the window a property of the whole manuscript (present in every measurable section group)?,preregistrazioni/e3c54.md,risultati/e3c54_finestra_sezioni.json; risultati/e3c54_finestra_sezioni.md,REFUTED,"alla lettera: ""la finestra manca in qualche sezione: erbario A, il resto"".",yes: author declares the criterion word 'manca' wrong ('nessun accordo chiaro' is not absence; herbal A and 'rest' underpowered); error repeated and fixed in e3c83,"Literal preregistered label: window 'manca' in herbal A and 'rest'. Author's post-hoc reading (criterion error declared, also in e3c83): unclear is not absent; window clear where data suffice (biology, pharma, recipes, languages A and B) -> would be MIXED. One of the 'criteria phrased too sharply'. | src: QUADERNO l.15123 | reviewed in the final cross-batch review"
e3c55,2026-10-04,"la finestra non viene dal copiare parole vicine; è uno ""stato"" che vale anche fra parole molto diverse",Does the window come from copying nearby similar words (rather than from a writer 'state')?,preregistrazioni/e3c55.md,risultati/e3c55_finestra_somiglianza.json; risultati/e3c55_finestra_somiglianza.md,REFUTED,"""stato"" (accordo uguale per parole simili e diverse) in ZL e IT.",no,"Either-or prereg (copy vs state); outcome 'stato' in ZL and IT. Timm & Schinner (copying generator) shows the copy pattern, as a positive control. | src: QUADERNO l.15159"
e3c56,2026-10-04,"non eseguito: la prova ""lo stato dura parole o segni?"" non supera la prova su testi finti (lacuna dichiarata)",Does the choice state last a number of words or follow writing time (number of signs)?,,,NOT_RUN,l'esperimento non si fa; il numero e3c56 resta senza preregistrazione né risultati.,no,"No prereg or results; method failed synthetic validation (and the retry timed out), gap declared per rule. | src: QUADERNO l.15422 | date from notebook entry"
e3c57,2026-10-04,la finestra corretta non viene dalla posizione nella riga,Does the corrected window survive a null that preserves position in the line (i.e. it does not come from position)?,preregistrazioni/e3c57.md,risultati/e3c57_finestra_posizione.json; risultati/e3c57_finestra_posizione.md,CONFIRMED,"la finestra non viene dalla posizione nella riga. Con il nullo che conserva la posizione resta +0,11 / +0,12 accanto e +0,08 a 2–3 parole, intervalli ben sopra 0,02.",no,ZL and IT; position share (R-P) about 0 (IT +0.011 at 2-3 words). Entry also logs Menota downloads (Holm D 4 unavailable). | src: QUADERNO l.15187
e3c58,2026-10-04,"altri quattro scribi; 11 scelte di lettera su 12 senza accordo, ma una (ſ/s in AM 302 fol) ha una finestra come il Voynich",Do four more real scribes (Menota) have the window in their letter-form choices (at least 2 of 12 choices)?,preregistrazioni/e3c58.md,risultati/e3c58_altri_scribi.json; risultati/e3c58_altri_scribi.md,NULL/INCONCLUSIVE,incerto (una sola scelta con la finestra: ſ/s in AM 302 fol).,no,One of 12 choices has the window (Holm A 10 ꝛ/r borderline); changes e3c50's reading. Qualified by e3c59 (passes the Voynich's tests) and e3c79 (copy-like mechanism). | src: QUADERNO l.15246
e3c59,2026-10-04,la finestra dello scriba di AM 302 fol (ſ/s) regge alle stesse prove del Voynich,"Does the AM 302 fol scribe's ſ/s window survive the tests the Voynich passed (5-line blocks, position-preserving null)?",preregistrazioni/e3c59.md,risultati/e3c59_finestra_scriba_prove.json; risultati/e3c59_finestra_scriba_prove.md,CONFIRMED,Voynich ZL regge; AM 302 fol ſ/s regge alle due prove; Holm A 10 ꝛ/r incerto,no,Retracts e3c51's reading. CHECK: possibly superseded by e3c79 ('correzione parziale della lettura dopo l'e3c59'): similar size/shape but copy-like mechanism; the test outcome itself is unaffected. | src: QUADERNO l.15277
e3c60,2026-10-04,"il raccordo negli scribi veri c'è in due scelte su undici, ma è quattro volte più debole",Does at least one real scribe have a word-junction ('raccordo') effect at least half as large as the Voynich's?,preregistrazioni/e3c60.md,risultati/e3c60_raccordo_scribi.json; risultati/e3c60_raccordo_scribi.md,REFUTED,"gli scribi hanno un raccordo, ma più debole della metà di quello del Voynich (soglia 0,029).",no,"2 of 11 choices significant, about a quarter of the Voynich (0.013-0.015 vs 0.058). | src: QUADERNO l.15298"
e3c61,2026-10-04,il copista del cifrario Copiale fa l'opposto del Voynich: alterna gli omofoni fra parole accanto,Do the Copiale copyist's choices among homophones show the Voynich's window?,preregistrazioni/e3c61.md,risultati/e3c61_copiale_omofoni.json; risultati/e3c61_copiale_omofoni.md,REFUTED,nessuna scelta di omofoni ha la finestra.,no,Adjacent agreement clearly negative in 5 of 6 letters (the copyist alternates homophones). | src: QUADERNO l.15317
e3c62,2026-10-04,negli scribi veri nessuna deriva lungo la riga grande come quella del Voynich,Do real scribes show an along-the-line drift in letter-form choices as large as the Voynich's (at least 3 of 17 choices)?,preregistrazioni/e3c62.md,risultati/e3c62_deriva_scribi.json; risultati/e3c62_deriva_scribi.md,REFUTED,"nessuna scelta di lettera degli scribi ha una deriva come il Voynich (soglia 0,010 ogni 10 segni).",no,"4 of 17 choices with a demonstrated drift, 3-15 times weaker; abbreviation reported separately. | src: QUADERNO l.15361"
e3c63,2026-10-04,nessuno scriba vero evita di cominciare la riga come quella sopra; il Voynich sì,"Do real scribes avoid starting a line with the same start as the line above, as the Voynich does?",preregistrazioni/e3c63.md,risultati/e3c63_margine_scribi.json; risultati/e3c63_margine_scribi.md,REFUTED,nessuno scriba evita gli inizi ripetuti.,no,No avoided start in 72 tests across 6 scribes; Voynich ZL replicated (5 avoided starts). | src: QUADERNO l.15346
e3c64,2026-10-04,"gli scribi veri hanno forme di bordo riga, ma da quattro a sette volte più deboli del Voynich",Does at least one real scribe have line-edge forms at least half as strong as the Voynich's?,preregistrazioni/e3c64.md,risultati/e3c64_bordi_scribi.json; risultati/e3c64_bordi_scribi.md,REFUTED,"gli scribi hanno forme di bordo, ma più deboli della metà del Voynich (soglie 0,075 e 0,049).",no,src: QUADERNO l.15400
e3c65,2026-10-04,gli scribi veri e il copista del Copiale non ripetono quasi mai la parola vicina; il Voynich da 20 a 100 volte di più,"Does any handwritten text (6 Menota scribes, the Copiale) repeat adjacent words like the Voynich (at least half its rates)?",preregistrazioni/e3c65.md,risultati/e3c65_ripetizioni_scribi.json; risultati/e3c65_ripetizioni_scribi.md,REFUTED,nessuno scriba né il Copiale ripete come il Voynich.,no,src: QUADERNO l.15383
e3c66,2026-10-04,"lo stato si spegne poco a poco (mezza vita circa 3 parole, a 4 – 6 parole resta +0,055) ed è separato per ogni scelta","Does the choice state last more than three words, and is it a single state shared across different choices?",preregistrazioni/e3c66.md,risultati/e3c66_forma_stato.json; risultati/e3c66_forma_stato.md,MIXED,"lo stato si spegne poco a poco (mezza vita circa 3 parole, a 4 – 6 parole resta +0,055) ed è separato per ogni scelta",no,A: state lasts >3 words (half-life ~3); B: separate state per choice (confirms e3c43). Corrects e3c33's description. CHECK: two-part prereg; A qualified by e3c74 (4-6-word value includes slow cross-line component). | src: QUADERNO l.15433
e3c67,2026-10-04,"non eseguito: ""i confini degli stati coincidono?"" non ha potenza con questi dati (lacuna dichiarata)",Do the state boundaries of different choices coincide?,,,NOT_RUN,Esperimento non fatto; numero e3c67 senza preregistrazione né risultati.,no,No prereg or results; the statistic did not distinguish the models on synthetic texts (insufficient power). | src: QUADERNO l.15481 | date from planning document or surrounding notebook entries
e3c68,2026-10-04,nessun segno o parola dopo cui lo stato riparte (entro la potenza della prova),Is there a sign or word (an Alberti-style index) after which the choice state resets?,preregistrazioni/e3c68.md,risultati/e3c68_segno_che_azzera.json; risultati/e3c68_segno_che_azzera.md,REFUTED,nessun segno che azzera lo stato (entro la potenza della prova).,no,"Power declared beforehand: only frequent strong indices detectable. CHECK: possibly superseded by e3c72, but 'ritirata l'osservazione dell'e3c68' retracts only the non-preregistered side observation (distortion). | src: QUADERNO l.15492"
e3c69,2026-10-04,"nessun ritmo di liste a turno alla Tritemio; l'unico ""picco"" (a 2 parole) viene dalla parola accanto, non da un ciclo","Is there a fixed within-line rhythm (Trithemius-style rotating word lists, period 2-6)?",preregistrazioni/e3c69.md,risultati/e3c69_ritmo_fisso.json; risultati/e3c69_ritmo_fisso.md,CONFIRMED,"alla lettera: ""ritmo fisso trovato: P = 2, stesso primo segno""","yes: literal preregistered label 'ritmo fisso trovato: P=2, stesso primo segno'; design error declared (distance-1 effect not foreseen), resolved by judgement as no list rhythm","Literal preregistered outcome positive (ZL and IT). Author's post-hoc reading (declared design error: the distance-1 effect was not foreseen): the peak at 2 words comes from the adjacent word, no Trithemius-style list rhythm -> would be REFUTED. Controls valid. CHECK: literal label kept as class. | src: QUADERNO l.15511 | reviewed in the final cross-batch review"
e3c70,2026-10-04,nessun segnale di un messaggio a bit nelle scelte doppie (nella portata della prova),Do the binary choices carry a Bacon-style hidden bit message (restarting at each page or line)?,preregistrazioni/e3c70.md,risultati/e3c70_bit_nascosti.json; risultati/e3c70_bit_nascosti.md,REFUTED,nessun segnale di un messaggio a bit nelle scelte.,no,Controls valid (Bacon control z up to 70.7). Declared scope: a continuous message across pages is not testable. | src: QUADERNO l.15532
e3c71,2026-10-04,"un'autochiave che riparte a ogni riga chiude la riga come il Voynich, ma rompe tutto il resto",Does a per-line restarting autokey cipher reproduce the Voynich's line traits?,preregistrazioni/e3c71.md,risultati/e3c71_autochiave_riga.json; risultati/e3c71_autochiave_riga.md,MIXED,"l'autochiave per riga chiude la riga come il Voynich (Q 0,06 / −0,05 contro 0,88 / 0,90 della stessa autochiave continua: la chiusura viene proprio dal ripartire a ogni riga).",no,"Main criterion (line closure) met; none of the 4 other reported traits (line starts, margin, repetitions, vocabulary) reproduced. Simulation, no reading. CHECK: the formal Esito label alone is positive. | src: QUADERNO l.15547"
e3c72,2026-10-04,lo stato non dipende da quante volte la scelta compare in mezzo; ritirata l'osservazione dell'e3c68,Does the state's agreement depend on how many intervening words make the same choice (state passing via occurrences)?,preregistrazioni/e3c72.md,risultati/e3c72_stato_sulle_occorrenze.json; risultati/e3c72_stato_sulle_occorrenze.md,REFUTED,lo stato non dipende dalle occorrenze in mezzo.,no,ZL and IT; modest power declared. Retracts e3c68's non-preregistered observation (was distortion). Either-or title; claim framed as dependence on occurrences. | src: QUADERNO l.15572
e3c73,2026-10-04,"la forma del calo non distingue cambi a caso da cambi regolari; a 5 – 7 parole resta circa +0,06 (forse una preferenza di riga)",Does the state change at random (geometric decay) rather than at regular intervals (block-wise linear decay)?,preregistrazioni/e3c73.md,risultati/e3c73_forma_del_calo.json; risultati/e3c73_forma_del_calo.md,NULL/INCONCLUSIVE,"forma: le due forme non si distinguono (il geometrico è un po' meglio, Δχ² 2,6 e 3,5, sotto 4).",no,"Line part: ZL no extra line preference, IT yes. Qualified by e3c74: the constant is a slow cross-line component, not a line preference. | src: QUADERNO l.15599"
e3c74,2026-10-04,"nessuna ""impostazione di riga""; c'è una componente lenta che attraversa le righe","Does each line have its own 'setting' of the choices (distant same-line words agree, adjacent lines do not)?",preregistrazioni/e3c74.md,risultati/e3c74_impostazione_di_riga.json; risultati/e3c74_impostazione_di_riga.md,REFUTED,lo stato attraversa le righe. Parole di righe consecutive si accordano quanto (o più di) parole lontane nella stessa riga; a due righe di distanza un po' meno.,no,ZL and IT; 'line key' applied to choices rejected. Qualifies e3c66 (4-6-word value) and e3c73 (constant): both contain the slow component. | src: QUADERNO l.15617
e3c75,2026-10-04,"la componente lenta è uno stato lento che attraversa le righe, non la tendenza dall'alto in basso della pagina",Is the slow cross-line component explained by a top-to-bottom page trend (rather than a slow state)?,preregistrazioni/e3c75.md,risultati/e3c75_componente_lenta.json; risultati/e3c75_componente_lenta.md,REFUTED,"è uno stato lento (la tendenza verticale non la spiega). La deriva verticale toglie quasi niente (+0,049 → +0,048).",no,Either-or prereg; outcome 'stato lento' in ZL and IT (half-life about 2 lines). | src: QUADERNO l.15638
e3c76,2026-10-04,lo stato lento che attraversa le righe è normale negli scribi veri,Do real scribes have a slow cross-line state in their letter-form choices like the Voynich's (at least 3 choices)?,preregistrazioni/e3c76.md,risultati/e3c76_stato_lento_scribi.json; risultati/e3c76_stato_lento_scribi.md,CONFIRMED,"gli scribi hanno uno stato lento come il Voynich (5 scelte sopra la soglia, in 3 scribi; 6 con un accordo dimostrato, in 4 scribi).",no,"Caveat: files do not mark hand changes, which could produce the effect. The slow component is thus not specific to the Voynich. | src: QUADERNO l.15663"
e3c77,2026-10-04,i 73 scribi tedeschi (ReF) non hanno né la finestra né la deriva del Voynich,"Do 73 German scribes (ReF, 1350-1500) show the Voynich's window or along-line drift in their letter-form choices?",preregistrazioni/e3c77.md,risultati/e3c77_ref_finestra_deriva.json; risultati/e3c77_ref_finestra_deriva.md,REFUTED,"finestra ""nessuna"" (0 scelte di lettera su 9); deriva ""nessuna come il Voynich"" (0 su 9).",no,"Pooled MSS (single-scribe window may be diluted, declared). Extra analysis with the e3c83 rule: 2-3-word part missing in 6/9. Entry written in the evening, after e3c78-e3c83. | src: QUADERNO l.15943"
e3c78,2026-10-04,"anche 73 scribi tedeschi del 1350 – 1500 non hanno raccordo, margine, forme di bordo e ripetizioni come il Voynich","Do 73 German scribes (ReF) show the Voynich's junction, left-margin avoidance, line-edge forms or adjacent repetitions?",preregistrazioni/e3c78.md,risultati/e3c78_ref_raccordo_margine_bordi.json; risultati/e3c78_ref_raccordo_margine_bordi.md,REFUTED,"raccordo più debole della metà del Voynich (dieci volte più debole); margine ""in parte""",no,Edge forms weaker than half; repetitions: none. CHECK: margin sub-criterion literally 'in parte' (3 of 72 MSS with one avoided start; author: chance level); could be MIXED. | src: QUADERNO l.15728
e3c79,2026-10-04,"la finestra dello scriba di AM 302 fol viene da parole simili (copia), non è uno stato come nel Voynich",Is the AM 302 fol scribe's ſ/s window a 'state' like the Voynich's (rather than copying similar words)?,preregistrazioni/e3c79.md,risultati/e3c79_scriba_stato_o_copia.json; risultati/e3c79_scriba_stato_o_copia.md,REFUTED,legato alla somiglianza (copia). Lo scriba si accorda molto fra parole simili (forme della stessa parola o parole vicine per forma) e poco fra parole diverse,no,"Either-or prereg; outcome 'copia' (difference +0.225, CI above 0). Partially corrects e3c59's reading. | src: QUADERNO l.15750"
e3c80,2026-10-04,le ripetizioni di parole vicine del Voynich non vengono dal genere; il vocabolario invece è normale,"Do handwritten technical texts (recipes, nature, astrology; ReF) repeat adjacent words like the Voynich?",preregistrazioni/e3c80.md,risultati/e3c80_ripetizioni_testi_tecnici.json; risultati/e3c80_ripetizioni_testi_tecnici.md,REFUTED,nessun testo tecnico ripete come il Voynich.,no,7-30 times fewer exact repeats. Descriptive: Voynich vocabulary size is normal; repetitions similar across its sections. | src: QUADERNO l.15768
e3c81,2026-10-04,lo stato breve è uguale in tutte le mani del Voynich; ritirata la lettura dell'e3b59,Is the short choice state present in all measurable Voynich hands?,preregistrazioni/e3c81.md,risultati/e3c81_stato_per_mano.json; risultati/e3c81_stato_per_mano.md,CONFIRMED,"presente in tutte le mani misurabili, con valori quasi uguali (accanto +0,12 – +0,15; a 2 – 3 parole +0,07 – +0,11; r 0,60 – 0,75).",no,"Hands 1-3 (4 and 5 not measurable), ZL and IT. Retracts the reading of e3b59 (outside batch: 'hand 1 lacks the short memory'). | src: QUADERNO l.15791"
e3c82,2026-10-04,"non eseguito: ""lo stato breve passa l'a capo?"" non supera la prova su testi finti (lacuna dichiarata)",Does the short choice state carry across the line break?,,,NOT_RUN,"Secondo la regola, esperimento non fatto; numero e3c82 senza preregistrazione né risultati.",no,"No prereg or results; synthetic validation failed twice (baseline biased), gap declared per rule. | src: QUADERNO l.15811 | date from notebook entry"
e3c83,2026-10-04,al salto del disegno lo stato non è dimostrato né azzerato (pochi dati); errore di criterio ripetuto,Does the short choice state survive the jump over a drawing within a line?,preregistrazioni/e3c83.md,risultati/e3c83_stato_salto_disegno.json; risultati/e3c83_stato_salto_disegno.md,REFUTED,"alla lettera: ""il salto del disegno azzera lo stato""","yes: declared criterion error; literal label 'il salto del disegno azzera lo stato' given to a CI containing 0 (A +0.08, CI -0.02 to +0.17); read as unknown","Literal preregistered label 'azzera' (CI of A contains 0: ZL +0.078, −0.021 to +0.171). Author's reading (declared repeated criterion error): not demonstrated nor reset, few data -> would be NULL/INCONCLUSIVE. e3b67's reading neither confirmed nor refuted. One of the 'criteria phrased too sharply'. | src: QUADERNO l.15821 | reviewed in the final cross-batch review"
e3c84,2026-10-08,confronti con i testi di Gaskell e Bowern rifatti per lingua,"Do the paper's comparisons with the Gaskell and Bowern texts hold when summarised per natural language (24), constructed languages apart?",preregistrazioni/e3c84.md,risultati/e3c84_*.md; .json,CONFIRMED,"reggono le frasi ""più di tutte le lingue"" e ""sopra il 90%""; giuntura: parte alta della gamma, 2 lingue su 24 oltre il Voynich; margine e calo: raro nelle lingue (1 su 23; 2 su 20)",no,"revision reanalysis (referee C1.1); the old phrase ""no comparison text"" for the decline is corrected to 2 of 20 languages"
e3c85,2026-10-08,nullo con la grammatica della parola per la catena di segni,"Do the ""chain of glyphs"" properties survive a null that reproduces the word grammar (independent words; word-internal glyph chain)?",preregistrazioni/e3c85.md,risultati/e3c85_*.md; .json,MIXED,"il legame fra parole non è un effetto della grammatica della parola; spazio prevedibile, tagli e riempimento spiegati dal nullo",no,revision reanalysis (referee A7)
e3c86,2026-10-08,intervalli per bifoglio e fascicolo,Do the main Voynich measures keep intervals excluding the reference value when resampling bifolia and quires instead of pages?,preregistrazioni/e3c86.md,risultati/e3c86_*.md; .json,CONFIRMED,tutte le misure reggono per bifoglio; per fascicolo cede solo la deriva di k/t,no,"revision reanalysis (referee A5); junction null computed inside each resample (fixed during the control-only code test, before preregistration)"
e3c87,2026-10-08,giuntura e raccordo a parità di posizione nella riga,Do the junction and the junction rules hold when the null keeps the position in the line (Feaster 2022 caution)?,preregistrazioni/e3c87.md,risultati/e3c87_*.md; .json,CONFIRMED,"giuntura: non viene dalla posizione (rapporto 1,04); qo/o regge in tutte le posizioni interne; -l/-r regge nella classe con abbastanza eventi",no,revision reanalysis
e3c88,2026-10-08,ripetizione immediata come rapporto osservato/atteso,Does the Voynich immediate repetition exceed all natural languages and the 79 manuscripts as an observed/expected ratio?,preregistrazioni/e3c88.md,risultati/e3c88_*.md; .json,MIXED,"O/E nella riga: regge (1,04); O/E globale: da riformulare (sanscrito 2,86); quasi ripetizione: da riformulare",no,"revision reanalysis (referee A8); reading changes: repetition not avoided and concentrated in the line, not above chance"
e3c89,2026-10-08,riga chiusa e margine del Voynich a 10.000 parole,Do line closure and left-margin avoidance hold with the Voynich cut to the length of the comparison texts?,preregistrazioni/e3c89.md,risultati/e3c89_*.md; .json,CONFIRMED,riga chiusa regge a 10.000 parole; margine regge a 10.000 parole,no,revision reanalysis (referee A8)
e3c90,2026-10-08,"potenza della batteria scribi, scelta per scelta","For each scribe and choice, is the absence of the short state and of the drift supported by enough power?",preregistrazioni/e3c90.md,risultati/e3c90_*.md; .json,DESCRIPTIVE,"deriva assente con potenza 28 su 29; finestra assente con potenza 14 su 29, potenza insufficiente 13, presente 2",no,"revision reanalysis (referee A9); power table, no success threshold"
e3c91,2026-10-08,la finestra di Holm A 10 (ꝛ/r): stato o copia,Is Holm A 10's r-rotunda window a state like the Voynich's (equal for similar and different words) rather than copying?,preregistrazioni/e3c91.md,risultati/e3c91_*.md; .json,NULL/INCONCLUSIVE,incerto,no,follow-up of e3c90
